Vendor ID,Vendor Item Number,Item Number,Average Lead Time,Economic ORD QTY,Free On Board,Item Vendor Type,Last ORD Date,Last ORD QTY,Last Originating Cost,Last RCPT Cost,Last RCPT Date,Last RCPT QTY,Maximum ORD QTY,Minimum ORD QTY,Number Of RCPTS For Item,Planning Lead Time,Purchasing U Of M,QTY Drop Shipped,QTY On Order,QTY Requisitioned,Item Description,Item Type,ABC Code,Current Cost,Item Class Code,Item Code,Item Generic Description,Item Shipping Weight,Location Code,Lot Type,PriceLevel,Price Group,Price Method,Warranty Days
ELECTRON0001,CORD12WH,ACCS-CRD-12WH,300,0,None,1,1/1/1900 0:00,0,3.29,0,1/1/1900 0:00,0,0,1,0,3,,0,0,0,Phone Cord - 12' White,Sales Inventory,A,3.29,RETAIL,,Accessory,0.25,,,EXTPRCLVL,,% Markup - Current Cost,0
ADVANCED0001,CRD-12WH,ACCS-CRD-12WH,375,0,None,1,3/23/2027 0:00,1,3.29,3.29,3/26/2027 0:00,1,0,0,4,6,,0,0,0,Phone Cord - 12' White,Sales Inventory,A,3.29,RETAIL,,Accessory,0.25,,,EXTPRCLVL,,% Markup - Current Cost,0
ATTRACTI00001,Cord-12,ACCS-CRD-12WH,300,0,None,2,1/19/2026 0:00,6,3.29,3.29,1/22/2026 0:00,6,0,1,1,3,,0,0,0,Phone Cord - 12' White,Sales Inventory,A,3.29,RETAIL,,Accessory,0.25,,,EXTPRCLVL,,% Markup - Current Cost,0
AMERICAN0001,ACCS-CRD-12WH,ACCS-CRD-12WH,300,0,None,2,1/19/2027 0:00,6,3.29,3.29,1/22/2027 0:00,6,0,0,1,0,,0,0,0,Phone Cord - 12' White,Sales Inventory,A,3.29,RETAIL,,Accessory,0.25,,,EXTPRCLVL,,% Markup - Current Cost,0
ADVANCED0001,100XLG,100XLG,309,0,None,2,3/17/2027 0:00,11,28.46,28.46,3/21/2027 0:00,11,0,0,11,0,,0,0,0,Green Phone,Sales Inventory,A,28.46,,,Phone,5,,,EXTPRCLVL,OFFICE EQP,% Markup - Current Cost,0
ELECTRON0001,CORD25BK,ACCS-CRD-25BK,300,0,None,1,1/1/1900 0:00,0,5.98,0,1/1/1900 0:00,0,0,1,0,3,,0,0,0,Phone Cord - 25' Black,Sales Inventory,A,5.98,RETAIL,,Accessory,0.5,,,EXTPRCLVL,,% Markup - Current Cost,0
COMVEXIN0001,25CORD,ACCS-CRD-25BK,424,0,None,2,7/13/2024 0:00,10,5.98,5.98,2/17/2027 0:00,2,0,1,8,1,,0,0,0,Phone Cord - 25' Black,Sales Inventory,A,5.98,RETAIL,,Accessory,0.5,,,EXTPRCLVL,,% Markup - Current Cost,0
ALLENSON0001,HDSTONE,ACCS-HDS-1EAR,300,0,None,2,1/1/1900 0:00,0,38.59,0,1/1/1900 0:00,0,0,1,0,3,,0,0,0,Headset-Single Ear,Sales Inventory,A,38.59,RETAIL,,Accessory,0.5,,,EXTPRCLVL,,% Markup - Current Cost,0
COMVEXIN0001,HDST-SINGLE,ACCS-HDS-1EAR,360,0,None,2,7/13/2024 0:00,8,38.59,38.59,2/17/2027 0:00,8,0,1,5,3,,0,0,0,Headset-Single Ear,Sales Inventory,A,38.59,RETAIL,,Accessory,0.5,,,EXTPRCLVL,,% Markup - Current Cost,0
ELECTRON0001,HDSTDUAL,ACCS-HDS-2EAR,300,0,None,1,1/1/1900 0:00,0,41.98,0,1/1/1900 0:00,0,0,1,0,3,,0,0,0,Headset - Dual Ear,Sales Inventory,A,41.98,RETAIL,,Accessory,0.5,,,EXTPRCLVL,,% Markup - Current Cost,0
ATTRACTI00001,HDST-Dual,ACCS-HDS-2EAR,300,0,None,1,5/8/2025 0:00,10,41.98,41.98,2/22/2026 0:00,10,0,1,3,3,,0,10,0,Headset - Dual Ear,Sales Inventory,A,41.98,RETAIL,,Accessory,0.5,,,EXTPRCLVL,,% Markup - Current Cost,0
AMERICAN0001,ACCS-HDS-2EAR,ACCS-HDS-2EAR,300,0,None,2,2/19/2027 0:00,10,41.98,41.98,2/22/2027 0:00,10,0,0,3,0,,0,0,0,Headset - Dual Ear,Sales Inventory,A,41.98,RETAIL,,Accessory,0.5,,,EXTPRCLVL,,% Markup - Current Cost,0
ELECTRON0001,SHLDRBK,ACCS-RST-DXBK,500,0,None,1,1/1/1900 0:00,0,4.55,0,1/1/1900 0:00,0,0,1,0,5,,0,0,0,Shoulder Rest-Deluxe Black,Sales Inventory,A,4.55,RETAIL,,Accessory,0.25,,,EXTPRCLVL,,% Markup - Current Cost,0
ELECTRON0001,SHLDRWH,ACCS-RST-DXWH,500,0,None,1,1/1/1900 0:00,0,4.55,0,1/1/1900 0:00,0,0,1,0,5,,0,0,0,Shoulder Rest - Deluxe White,Sales Inventory,A,4.55,RETAIL,,Accessory,0.25,,,EXTPRCLVL,,% Markup - Current Cost,0
ATTRACTI00001,PREST-W126,ACCS-RST-DXWH,300,0,None,2,5/8/2025 0:00,5,4.55,4.55,2/27/2026 0:00,5,0,0,1,0,,0,5,0,Shoulder Rest - Deluxe White,Sales Inventory,A,4.55,RETAIL,,Accessory,0.25,,,EXTPRCLVL,,% Markup - Current Cost,0
AMERICAN0001,ACCS-RST-DXWH,ACCS-RST-DXWH,300,0,None,2,2/24/2027 0:00,5,4.55,4.55,2/27/2027 0:00,5,0,0,1,0,,0,0,0,Shoulder Rest - Deluxe White,Sales Inventory,A,4.55,RETAIL,,Accessory,0.25,,,EXTPRCLVL,,% Markup - Current Cost,0
ELECTRON0001,ANSW1000,ANSW-ATT-1000,500,0,None,2,1/1/1900 0:00,0,59.29,0,1/1/1900 0:00,0,0,1,0,5,,0,0,0,Attractive Answering System 1000,Sales Inventory,A,59.29,RETAIL,,Answer,4.5,,,EXTPRCLVL,,% Markup - Current Cost,0
ADVANCED0001,PAN-T1450,ANSW-PAN-1450,360,0,None,2,2/27/2027 0:00,1,50.25,50.25,3/2/2027 0:00,1,0,0,5,6,,0,0,0,Panache KX-T1450 answer,Sales Inventory,A,50.25,RETAIL,,Answer,3.25,,,EXTPRCLVL,,% Markup - Current Cost,0
ATTRACTI00001,ANSW-T1450,ANSW-PAN-1450,500,0,None,2,1/1/1900 0:00,0,50.25,0,1/1/1900 0:00,0,0,1,0,5,,0,0,0,Panache KX-T1450 answer,Sales Inventory,A,50.25,RETAIL,,Answer,3.25,,,EXTPRCLVL,,% Markup - Current Cost,0
ELECTRON0001,ANSWT2460,ANSW-PAN-2460,300,0,None,1,1/1/1900 0:00,0,73.25,0,1/1/1900 0:00,0,0,1,0,3,,0,0,0,Panache KX-T2460 answer,Sales Inventory,A,73.25,RETAIL,,Anwer,4,,,EXTPRCLVL,,% Markup - Current Cost,0
SIGNATUR0001,ASDASD,FAXX-CAN-9800,300,0,None,1,3/29/2027 0:00,1,1197,1197,4/1/2027 0:00,1,0,0,2,0,,0,0,0,Cantata FaxPhone 9800,Sales Inventory,A,1197,RETAIL,,Fax,23,,,EXTPRCLVL,,% Markup - Current Cost,0
COMVEXIN0001,CAN9800,FAXX-CAN-9800,2600,0,None,2,2/6/2027 0:00,25,1197,1197,2/9/2027 0:00,25,0,1,3,3,,0,0,0,Cantata FaxPhone 9800,Sales Inventory,A,1197,RETAIL,,Fax,23,,,EXTPRCLVL,,% Markup - Current Cost,0
ELECTRON0001,FAX9800,FAXX-CAN-9800,200,0,None,2,1/1/1900 0:00,0,1197,0,1/1/1900 0:00,0,0,1,0,2,,0,0,0,Cantata FaxPhone 9800,Sales Inventory,A,1197,RETAIL,,Fax,23,,,EXTPRCLVL,,% Markup - Current Cost,0
TELESATE0006,FAXX-CAN-9800,FAXX-CAN-9800,300,0,None,2,3/27/2027 0:00,2,2500,2500,3/30/2027 0:00,2,0,0,4,0,,0,0,0,Cantata FaxPhone 9800,Sales Inventory,A,1197,RETAIL,,Fax,23,,,EXTPRCLVL,,% Markup - Current Cost,0
CIRCUITD0001,DESK FAX,FAXX-FG3-0001,0,0,None,2,1/1/1900 0:00,0,5106.91,0,1/1/1900 0:00,0,0,1,0,0,,0,0,0,Desktop Fax System,Sales Inventory,A,5106.91,FINGOODS,,FG,0,,,EXTPRCLVL,OFFICE EQP,% Markup - Current Cost,0
SIGNATUR0001,FAX-60E,FAXX-RIC-060E,300,0,None,1,1/1/1900 0:00,0,479.05,0,1/1/1900 0:00,0,0,1,0,3,,0,0,0,Richelieu Fax 60E,Sales Inventory,A,479.05,RETAIL,,Fax,15,,,EXTPRCLVL,,% Markup - Current Cost,0
SIGNATUR0001,FAX-UX172,FAXX-SLK-0172,300,0,None,1,1/1/1900 0:00,0,674.5,0,1/1/1900 0:00,0,0,1,0,3,,0,0,0,Sleek UX-172 fax,Sales Inventory,A,674.5,RETAIL,,Fax,17,,,EXTPRCLVL,,% Markup - Current Cost,0
SIGNATUR0001,FAX-UX2100,FAXX-SLK-2100,300,0,None,1,5/8/2025 0:00,5,899,899,2/26/2027 0:00,5,0,1,2,3,,0,5,0,Sleek UX-2100 fax,Sales Inventory,A,899,RETAIL,,Fax,20,,,EXTPRCLVL,,% Markup - Current Cost,0
COMVEXIN0001,ASP100,HDWR-ACC-0100,2600,0,None,1,2/6/2027 0:00,1,35000,35000,2/9/2027 0:00,1,0,1,3,2,,0,0,0,Acclaimed Call Center System 100,Sales Inventory,A,35000,RETAIL,,Hardware,600,,,EXTPRCLVL,,% Markup - Current Cost,0
SIGNATUR0001,ASPECT100,HDWR-ACC-0100,300,0,None,2,1/1/1900 0:00,0,35000,0,1/1/1900 0:00,0,0,1,0,3,,0,0,0,Acclaimed Call Center System 100,Sales Inventory,A,35000,RETAIL,,Hardware,600,,,EXTPRCLVL,,% Markup - Current Cost,0
COMVEXIN0001,CABINET,HDWR-CAB-0001,500,0,None,2,1/1/1900 0:00,0,6921.88,0,1/1/1900 0:00,0,0,1,0,5,,0,0,0,Central Cabinet,Sales Inventory,A,6921.88,RETAIL,,Hardware,55,,,EXTPRCLVL,,% Markup - Current Cost,0
CIRCUITD0001,INTER-MEM,HDWR-CIM-0001,500,0,None,1,1/1/1900 0:00,0,3290.55,0,1/1/1900 0:00,0,0,1,0,5,,0,0,0,Control interface/Memory,Sales Inventory,A,3290.55,RETAIL,,Hardware,2,,,EXTPRCLVL,,% Markup - Current Cost,0
CIRCUITD0001,DATACARD45,HDWR-FGC-0001,0,0,None,2,1/1/1900 0:00,0,75.99,0,1/1/1900 0:00,0,0,1,0,0,,0,0,0,Data Card Assembly,Sales Inventory,A,75.99,FINGOODS,,FG,0,,,EXTPRCLVL,OFFICE EQP,% Markup - Current Cost,0
CAPITALP0001,LDS,HDWR-LDS-0001,300,0,None,1,1/29/2027 0:00,2,2700,2700,2/1/2027 0:00,2,0,1,2,3,,0,2,0,Network LDS/Card,Sales Inventory,A,2700,RETAIL,,Hardware,2,,,EXTPRCLVL,,% Markup - Current Cost,0
CIRCUITD0001,PANEL,HDWR-PNL-0001,700,0,None,1,1/1/1900 0:00,0,303.85,0,1/1/1900 0:00,0,0,1,0,7,,0,0,0,Control Panel,Sales Inventory,A,303.85,RETAIL,,Hardware,2.5,,,EXTPRCLVL,,% Markup - Current Cost,0
CRUGEREN0001,PROC25,HDWR-PRO-4862,300,0,None,1,1/1/1900 0:00,0,2998.15,0,1/1/1900 0:00,0,0,1,0,3,,0,0,0,Pro processor 4S,Sales Inventory,A,2998.15,RETAIL,,Hardware,3,,,EXTPRCLVL,,% Markup - Current Cost,0
CAPITALP0001,4862PROC,HDWR-PRO-4862,300,0,None,2,1/29/2027 0:00,2,2998.15,2998.15,2/1/2027 0:00,2,0,1,2,3,,0,2,0,Pro processor 4S,Sales Inventory,A,2998.15,RETAIL,,Hardware,3,,,EXTPRCLVL,,% Markup - Current Cost,0
CRUGEREN0001,PROC66,HDWR-PRO-4866,34400,0,None,1,5/12/2024 0:00,2,3463.73,3463.73,2/15/2027 0:00,2,0,1,3,3,,0,0,0,Pro processor 4D,Sales Inventory,A,3379.25,RETAIL,,Hardware,3,,,EXTPRCLVL,,% Markup - Current Cost,0
CONTINEN0001,RING-GEN,HDWR-RNG-0001,500,0,None,1,1/1/1900 0:00,0,648.5,0,1/1/1900 0:00,0,0,1,0,5,,0,0,0,Ring Generator,Sales Inventory,A,669,RETAIL,,Hardware,4.5,,,EXTPRCLVL,,% Markup - Current Cost,0
CAPITALP0001,RINGER,HDWR-RNG-0001,300,0,None,2,1/29/2027 0:00,1,669,669,2/1/2027 0:00,1,0,1,2,10,,0,1,0,Ring Generator,Sales Inventory,A,669,RETAIL,,Hardware,4.5,,,EXTPRCLVL,,% Markup - Current Cost,0
CIRCUITD0001,SWTCH 435,HDWR-SBD-0001,0,0,None,2,1/1/1900 0:00,0,14778.12,0,1/1/1900 0:00,0,0,1,0,0,,0,0,0,Switchboard,Sales Inventory,A,14778.12,RETAIL,,,0,,,EXTPRCLVL,,% Markup - Current Cost,0
CIRCUITD0001,SURGEPNL,HDWR-SRG-0001,500,0,None,1,4/24/2024 0:00,6,18.65,0,1/1/1900 0:00,0,0,1,0,5,,0,6,0,Surge Protector Panel,Sales Inventory,A,18.65,RETAIL,,Hardware,4,,,EXTPRCLVL,,% Markup - Current Cost,0
CIRCUITD0001,SMSWITCH,HDWR-SWM-0100,1000,0,None,1,4/24/2024 0:00,1,7780.25,0,1/1/1900 0:00,0,0,1,0,10,,0,1,0,Switching Module (<100),Sales Inventory,A,7780.25,RETAIL,,Hardware,50,,,EXTPRCLVL,,% Markup - Current Cost,0
CIRCUITD0001,LGSWITCH,HDWR-SWM-0250,1000,0,None,1,1/1/1900 0:00,0,12500,0,1/1/1900 0:00,0,0,1,0,10,,0,0,0,Switching Module (100-250),Sales Inventory,A,12500,RETAIL,,Hardware,100,,,EXTPRCLVL,,% Markup - Current Cost,0
COMVEXIN0001,T1INTERFACE,HDWR-T1I-0001,700,0,None,1,1/1/1900 0:00,0,1495,0,1/1/1900 0:00,0,0,1,0,7,,0,0,0,T1 Interface Kit,Sales Inventory,A,1495,RETAIL,,Hardware,3,,,EXTPRCLVL,,% Markup - Current Cost,0
CRUGEREN0001,T1KIT,HDWR-T1I-0001,34200,0,None,2,5/12/2024 0:00,2,1532.38,1532.38,2/15/2027 0:00,2,0,1,3,5,,0,0,0,T1 Interface Kit,Sales Inventory,A,1495,RETAIL,,Hardware,3,,,EXTPRCLVL,,% Markup - Current Cost,0
CRUGEREN0001,TAPEMASS,HDWR-TPS-0001,17515,0,None,1,5/12/2024 0:00,1,1255.26,1255.26,2/15/2027 0:00,1,0,1,6,5,,0,0,0,Tape Unit/Mass Storage,Sales Inventory,A,1224.64,RETAIL,,Hardware,18,,,EXTPRCLVL,,% Markup - Current Cost,0
ATTRACTI00001,PCD85-1,ITCT-CIR-CD85,300,0,None,2,1/1/1900 0:00,0,28.25,0,1/1/1900 0:00,0,0,1,0,3,,0,0,0,"Integrated Circuit, PCD85-1",Sales Inventory,A,28.25,,,Parts,0.01,,,EXTPRCLVL,,% Markup - Current Cost,0
CIRCUITD0001,FAX PKG 110,PHAN-FAX-0001,0,0,None,2,1/1/1900 0:00,0,1479.05,0,1/1/1900 0:00,0,0,1,0,0,,0,0,0,Fax Machine Package,Sales Inventory,A,1479.05,FINGOODS,,FG,0,,,EXTPRCLVL,,% Markup - Current Cost,0
ELECTRON0001,PHONE 45-15,PHAN-PHN-0001,0,0,None,2,1/1/1900 0:00,0,27.66,0,1/1/1900 0:00,0,0,1,0,0,,0,0,0,Standard Phone Package,Kit,(none),27.66,RETAIL,,,0,,,EXTPRCLVL,,% Markup - Current Cost,0
ATTRACTI00001,PHON-712,PHON-ATT-0712,300,0,None,1,1/1/1900 0:00,0,35.89,0,1/1/1900 0:00,0,0,1,0,3,,0,0,0,Attractive 712 wall phone,Sales Inventory,A,35.89,RETAIL,,Consumer P,2.5,,,EXTPRCLVL,,% Markup - Current Cost,0
ATTRACTI00001,PHON-5354,PHON-ATT-5354,300,0,None,1,1/1/1900 0:00,0,115.85,0,1/1/1900 0:00,0,0,1,0,3,,0,0,0,Cordless-Attractive 5354,Sales Inventory,A,115.85,ATT CORD,,Consumer P,3.5,,,EXTPRCLVL,,% Markup - Current Cost,0
ATTRACTI00001,PHON-53BK,PHON-ATT-53BK,300,0,None,1,5/2/2024 0:00,10,90.25,0,1/1/1900 0:00,0,0,1,0,3,,0,10,0,Cordless-Attractive 5352-Black,Sales Inventory,A,90.25,ATT CORD,,Consumer P,3,,,EXTPRCLVL,,% Markup - Current Cost,0
ADVANCED0001,ATT-53BK,PHON-ATT-53BK,300,0,None,2,3/23/2027 0:00,2,90.25,90.25,3/26/2027 0:00,2,0,0,5,0,,0,0,0,Cordless-Attractive 5352-Black,Sales Inventory,A,90.25,ATT CORD,,Consumer P,3,,,EXTPRCLVL,,% Markup - Current Cost,0
AMERICAN0001,PHON-ATT-53BK,PHON-ATT-53BK,300,0,None,2,1/27/2027 0:00,10,92.25,92.25,1/30/2027 0:00,10,0,0,2,0,,0,0,0,Cordless-Attractive 5352-Black,Sales Inventory,A,90.25,ATT CORD,,Consumer P,3,,,EXTPRCLVL,,% Markup - Current Cost,0
ATTRACTI00001,PHON-53BL,PHON-ATT-53BL,300,0,None,1,5/2/2024 0:00,10,93.55,0,1/1/1900 0:00,0,0,1,0,3,,0,10,0,Cordless-Attractive 5352-Blue,Sales Inventory,A,93.55,ATT CORD,,Consumer P,0,,,EXTPRCLVL,,% Markup - Current Cost,0
CENTRALC0001,ATT-53BL,PHON-ATT-53BL,300,0,None,2,1/13/2027 0:00,1,93.55,93.55,1/16/2027 0:00,1,0,0,2,0,,0,0,0,Cordless-Attractive 5352-Blue,Sales Inventory,A,93.55,ATT CORD,,Consumer P,0,,,EXTPRCLVL,,% Markup - Current Cost,0
AMERICAN0001,PHON-ATT-53BL,PHON-ATT-53BL,300,0,None,2,1/27/2027 0:00,10,93.55,93.55,1/30/2027 0:00,10,0,0,2,0,,0,0,0,Cordless-Attractive 5352-Blue,Sales Inventory,A,93.55,ATT CORD,,Consumer P,0,,,EXTPRCLVL,,% Markup - Current Cost,0
ATTRACTI00001,PHON-53RD,PHON-ATT-53RD,300,0,None,1,1/1/1900 0:00,0,91.59,0,1/1/1900 0:00,0,0,1,0,3,,0,0,0,Cordless-Attractive 5352-Red,Sales Inventory,A,91.59,ATT CORD,,Consumer P,3,,,EXTPRCLVL,,% Markup - Current Cost,0
ASSOCIAT0001,ATT-53RD,PHON-ATT-53RD,366,0,None,2,1/5/2027 0:00,1,91.59,91.59,1/8/2027 0:00,1,0,0,3,5,,0,0,0,Cordless-Attractive 5352-Red,Sales Inventory,A,91.59,ATT CORD,,Consumer P,3,,,EXTPRCLVL,,% Markup - Current Cost,0
ATTRACTI00001,PHON-53WH,PHON-ATT-53WH,300,0,None,1,1/1/1900 0:00,0,91.25,0,1/1/1900 0:00,0,0,1,0,3,,0,0,0,Cordless-Attractive 5352-White,Sales Inventory,A,92.59,ATT CORD,,Consumer P,3,,,EXTPRCLVL,,% Markup - Current Cost,0
ELECTRON0001,PHONE BASE,PHON-BAS-0001,0,0,None,2,1/1/1900 0:00,0,11.95,0,1/1/1900 0:00,0,0,1,0,0,,0,0,0,Phone Base,Sales Inventory,A,11.95,RETAIL,,,0,,,EXTPRCLVL,,% Markup - Current Cost,0
ATTRACTI00001,PHON-1244,PHON-BUS-1244,300,0,None,1,7/13/2024 0:00,5,128.75,128.75,2/13/2026 0:00,5,0,1,1,3,,0,0,0,"Handset, 4-line Desk",Sales Inventory,A,128.75,RETAIL,,Business P,3,,,EXTPRCLVL,,% Markup - Current Cost,0
AMERICAN0001,PHON-BUS-1244,PHON-BUS-1244,300,0,None,2,2/10/2027 0:00,5,128.75,128.75,2/13/2027 0:00,5,0,0,1,0,,0,0,0,"Handset, 4-line Desk",Sales Inventory,A,128.75,RETAIL,,Business P,3,,,EXTPRCLVL,,% Markup - Current Cost,0
FABRIKAM0001,HANDSET,PHON-BUS-1250,500,0,None,2,1/1/1900 0:00,0,179.85,0,1/1/1900 0:00,0,0,1,0,5,,0,0,0,"Handset,multi-line",Sales Inventory,A,179.85,RETAIL,,Business P,3,,,EXTPRCLVL,,% Markup - Current Cost,0
ELECTRON0001,HF PHONE-D,PHON-FGD-0001,0,0,None,2,1/1/1900 0:00,0,57.22,0,1/1/1900 0:00,0,0,1,0,0,,0,0,0,Phones-Hands Free Dual Ear,Sales Inventory,A,57.22,FINGOODS,,FG,0,,,EXTPRCLVL,,% Markup - Current Cost,0
ELECTRON0001,HF PHONE-S,PHON-FGS-0002,0,0,None,2,1/1/1900 0:00,0,53.83,0,1/1/1900 0:00,0,0,1,0,0,,0,0,0,Phone-Hands Free Single Ear,Sales Inventory,A,53.83,FINGOODS,,FG,0,,,EXTPRCLVL,,% Markup - Current Cost,0
FABRIKAM0001,GTEM3458,PHON-GTE-3458,259,0,None,1,5/8/2025 0:00,4,75,75,2/23/2027 0:00,4,0,1,5,3,,0,4,0,Memory-Grand M3458,Sales Inventory,A,75,RETAIL,,Consumer P,3.5,,,EXTPRCLVL,,% Markup - Current Cost,0
ELECTRON0001,PHONM3458,PHON-GTE-3458,300,0,None,2,1/1/1900 0:00,0,0,0,1/1/1900 0:00,0,0,1,0,3,,0,0,0,Memory-Grand M3458,Sales Inventory,A,75,RETAIL,,Consumer P,3.5,,,EXTPRCLVL,,% Markup - Current Cost,0
ELECTRON0001,PHONS5043,PHON-GTE-5043,300,0,None,1,1/1/1900 0:00,0,81.25,0,1/1/1900 0:00,0,0,1,0,3,,0,0,0,Cordless-Grand S5043,Sales Inventory,A,81.25,RETAIL,,Consumer P,5.5,,,EXTPRCLVL,,% Markup - Current Cost,0
FABRIKAM0001,GTES5043,PHON-GTE-5043,233,0,None,2,1/22/2027 0:00,10,81.25,81.25,1/25/2027 0:00,10,0,1,3,3,,0,2,0,Cordless-Grand S5043,Sales Inventory,A,81.25,RETAIL,,Consumer P,5.5,,,EXTPRCLVL,,% Markup - Current Cost,0
ELECTRON0001,PHONT2315,PHON-PAN-2315,300,0,None,1,1/1/1900 0:00,0,27.98,0,1/1/1900 0:00,0,0,1,0,3,,0,0,0,Panache KX-T231 wall,Sales Inventory,A,27.98,RETAIL,,Consumer P,2.5,,,EXTPRCLVL,,% Markup - Current Cost,0
ELECTRON0001,PHONT3155,PHON-PAN-3155,300,0,None,1,1/1/1900 0:00,0,27.98,0,1/1/1900 0:00,0,0,1,0,3,,0,0,0,Panache KX-T3155 desk,Sales Inventory,A,59.5,RETAIL,,Consumer P,2.5,,,EXTPRCLVL,,% Markup - Current Cost,0
CRUGEREN0001,PHONT3848,PHON-PAN-3848,500,0,None,2,1/1/1900 0:00,0,67.55,0,1/1/1900 0:00,0,0,1,0,5,,0,0,0,Cordless-Panache KX-T3848,Sales Inventory,A,67.55,RETAIL,,Consumer P,4,,,EXTPRCLVL,,% Markup - Current Cost,0
ELECTRON0001,HF RCVR-D,PHON-RCV-0001,0,0,None,2,1/1/1900 0:00,0,45.27,0,1/1/1900 0:00,0,0,1,0,0,,0,0,0,Receiver-Hands Free Dual Ear,Sales Inventory,A,45.27,RETAIL,,,0,,,EXTPRCLVL,OFFICE EQP,% Markup - Current Cost,0
ELECTRON0001,HF RCVR-S,PHON-RCV-0002,0,0,None,2,1/1/1900 0:00,0,41.88,0,1/1/1900 0:00,0,0,1,0,0,,0,0,0,Receiver-Hands Free Single Ear,Sales Inventory,A,41.88,RETAIL,,,0,,,EXTPRCLVL,OFFICE EQP,% Markup - Current Cost,0
FABRIKAM0001,SYS1250,PHON-SNY-1250,500,0,None,1,1/1/1900 0:00,0,89,0,1/1/1900 0:00,0,0,1,0,5,,0,0,0,Phone/Answ System 1250,Sales Inventory,A,89,RETAIL,,Consumer P,6.5,,,EXTPRCLVL,,% Markup - Current Cost,0
ELECTRON0001,PHONE 1463,PSYS-FG1-0001,0,0,None,2,1/1/1900 0:00,0,18508.72,0,1/1/1900 0:00,0,0,1,0,0,,0,0,0,Phone System 1,Sales Inventory,A,18508.72,FINGOODS,,FG,0,,,EXTPRCLVL,,% Markup - Current Cost,0
ATTRACTI00001,RESR 457913,RESR-COM-68KM,0,0,None,2,1/1/1900 0:00,0,5.75,0,1/1/1900 0:00,0,0,1,0,0,,0,0,0,Resistor-68KM Revised,Sales Inventory,A,5.75,RETAIL,,,0,,,EXTPRCLVL,,% Markup - Current Cost,0
SOFTEL000001,MAIL-SYS,SOFT-PHM-0001,500,0,None,1,1/1/1900 0:00,0,34550,0,1/1/1900 0:00,0,0,1,0,5,,0,0,0,Phone Mail System,Sales Inventory,A,34550,RETAIL,,Software,85,,,EXTPRCLVL,,% Markup - Current Cost,0
ATTRACTI00001,SPEC VM,VMSY-FG2-0001,0,0,None,2,1/1/1900 0:00,0,450.28,0,1/1/1900 0:00,0,0,1,0,0,,0,0,0,Voice Mail System,Sales Inventory,A,450.28,FINGOODS,,FG,0,,,EXTPRCLVL,,% Markup - Current Cost,0
GREENLAK0001,WIRE MULTI,WIRE-MCD-0001,233,0,None,2,1/21/2027 0:00,1000,0.54,0.54,1/24/2027 0:00,1000,0,1,3,1,,0,0,0,Multi conductor wire,Sales Inventory,A,0.54,,,Wire,175,,SINGLEWIRE,EXTPRCLVL,,Currency Amount,0
GREENLAK0001,WIRE SINGLE,WIRE-SCD-0001,233,0,None,1,1/21/2027 0:00,500,0.16,0.16,1/24/2027 0:00,500,0,1,3,1,,0,0,0,Single conductor wire,Sales Inventory,A,0.16,,,Wire,150,,SINGLEWIRE,EXTPRCLVL,,Currency Amount,0
CENTRALC0001,SCAN100F,SCAN100F,0,0,None,1,1/1/1900 0:00,0,67.5,0,1/1/1900 0:00,0,0,0,0,0,,0,0,0,Scanner,Sales Inventory,A,67.5,,,Scanner,10,,,EXTPRCLVL,,% of List Price,0
ADVANCED0001,1GPROC,1GPROC,0,100,None,2,1/1/1900 0:00,0,0,0,1/1/1900 0:00,0,5000,10,0,2,,0,0,0,1 Ghz Processor,Sales Inventory,B,120,RM-ACT,,,0,,,,BUY,Currency Amount,0
ADVANCED0001,2GPROC,2GPROC,0,100,None,2,1/1/1900 0:00,0,0,0,1/1/1900 0:00,0,5000,10,0,2,,0,0,0,2 Ghz Processor,Sales Inventory,B,250,RM-ACT,,,0,,,,BUY,Currency Amount,0
ADVANCED0001,ARM,ARM,0,20,None,2,1/1/1900 0:00,0,0,0,1/1/1900 0:00,0,500,1,0,1,,0,0,0,Wood chair arm,Sales Inventory,(none),3.44,RM-STD,,,0,,,,BUY,Currency Amount,0
ADVANCED0001,BACK FABRIC,BACK FABRIC,0,100,None,2,1/1/1900 0:00,0,0,0,1/1/1900 0:00,0,1000,1,0,2,,0,0,0,Chair back fabric,Sales Inventory,(none),1.2,RM-STD,,,0,,,,BUY,Currency Amount,0
BEAUMONT0001,BACK FRAME,BACK FRAME,0,50,None,2,1/1/1900 0:00,0,0,0,1/1/1900 0:00,0,1000,10,0,3,,0,0,0,Wood chair back frame,Sales Inventory,(none),9.88,RM-STD,,,0,,,,BUY,Currency Amount,0
ADVANCED0001,LEATHER,BAND-LEATHER,0,100,None,2,1/1/1900 0:00,0,0,0,1/1/1900 0:00,0,5000,10,0,2,,0,0,0,Leather watch band,Sales Inventory,(none),10.7,RM-STD,,,0,,,,BUY,Currency Amount,0
ADVANCED0001,METAL,BAND-METAL,0,100,None,2,1/1/1900 0:00,0,0,0,1/1/1900 0:00,0,5000,10,0,2,,0,0,0,Metal watch band,Sales Inventory,(none),7.7,RM-STD,,,0,,,,BUY,Currency Amount,0
ADVANCED0001,PLASTIC,BAND-PLASTIC,0,100,None,2,1/1/1900 0:00,0,0,0,1/1/1900 0:00,0,5000,10,0,2,,0,0,0,Plastic watch band,Sales Inventory,(none),5.56,RM-STD,,,0,,,,BUY,Currency Amount,0
ADVANCED0001,BATTERY,BATTERY,0,100,None,2,1/1/1900 0:00,0,0,0,1/1/1900 0:00,0,5000,10,0,2,,0,0,0,watch battery,Sales Inventory,(none),0.5,RM-STD,,,0,,,,BUY,Currency Amount,0
ADVANCED0001,BLACK INK,BLACK INK,0,100,None,2,1/1/1900 0:00,0,0,0,1/1/1900 0:00,0,5000,10,0,2,,0,0,0,Black ink cartridge,Sales Inventory,(none),0.5,RM-ACT,,,0,,,,BUY,Currency Amount,0
ADVANCED0001,CLIP,CLIP,0,100,None,2,1/1/1900 0:00,0,0,0,1/1/1900 0:00,0,5000,10,0,2,,0,0,0,Pocket pen clip,Sales Inventory,(none),0.15,RM-ACT,,,0,,,,BUY,Currency Amount,0
ADVANCED0001,CDROM,CDROM,0,100,None,2,1/1/1900 0:00,0,0,0,1/1/1900 0:00,0,5000,10,0,2,,0,0,0,CD ROM drive,Sales Inventory,(none),30,RM-ACT,,,0,,,,BUY,Currency Amount,0
ADVANCED0001,DISPLAY,DISPLAY,0,100,None,2,1/1/1900 0:00,0,0,0,1/1/1900 0:00,0,5000,10,0,2,,0,0,0,Plastic watch case/display,Sales Inventory,(none),1,RM-STD,,,0,,,,BUY,Currency Amount,0
ADVANCED0001,DVD ROM,DVD ROM,0,100,None,2,1/1/1900 0:00,0,0,0,1/1/1900 0:00,0,5000,10,0,2,,0,0,0,DVD ROM internal drive,Sales Inventory,(none),120,RM-ACT,,,0,,,,BUY,Currency Amount,0
ADVANCED0001,DIGITAL,FACE-DIGITAL,0,100,None,2,1/1/1900 0:00,0,0,0,1/1/1900 0:00,0,5000,10,0,2,,0,0,0,Digital watch face,Sales Inventory,(none),16.9,RM-STD,,,0,,,,BUY,Currency Amount,0
ADVANCED0001,ANALOG,FACE-ANALOG,0,100,None,2,1/1/1900 0:00,0,0,0,1/1/1900 0:00,0,5000,10,0,2,,0,0,0,Analog watch face,Sales Inventory,(none),15.76,RM-STD,,,0,,,,BUY,Currency Amount,0
ADVANCED0001,HD-20,HD-20,0,100,None,2,1/1/1900 0:00,0,0,0,1/1/1900 0:00,0,5000,10,0,2,,0,0,0,20 Gig Hard Drive,Sales Inventory,(none),50,RM-ACT,,,0,,,,BUY,Currency Amount,0
ADVANCED0001,HD-40,HD-40,0,100,None,2,1/1/1900 0:00,0,0,0,1/1/1900 0:00,0,5000,10,0,2,,0,0,0,40 Gig hard drive,Sales Inventory,(none),75,RM-ACT,,,0,,,,BUY,Currency Amount,0
ADVANCED0001,HD-60,HD-60,0,100,None,2,1/1/1900 0:00,0,0,0,1/1/1900 0:00,0,5000,10,0,2,,0,0,0,60 Gig hard drive,Sales Inventory,(none),85,RM-ACT,,,0,,,,BUY,Currency Amount,0
BEAUMONT0001,LEG,LEG,0,100,None,2,1/1/1900 0:00,0,0,0,1/1/1900 0:00,0,5000,10,0,2,,0,0,0,Wooden chair leg,Sales Inventory,(none),2.4,RM-STD,,,0,,,,BUY,Currency Amount,0
TELESATE0006,PAINT,PAINT,0,0,None,2,1/1/1900 0:00,0,0,0,1/1/1900 0:00,0,0,0,0,0,,0,0,0,out-sourced painting,Services,(none),20,RM-ACT,,,0,,,,BUY,Currency Amount,0
ADVANCED0001,PEN CAP,PEN CAP,0,100,None,2,1/1/1900 0:00,0,0,0,1/1/1900 0:00,0,5000,10,0,2,,0,0,0,Metal cap for pen,Sales Inventory,(none),0.1,RM-ACT,,,0,,,,BUY,Currency Amount,0
ADVANCED0001,SEAT FABRIC,SEAT FABRIC,0,50,None,2,1/1/1900 0:00,0,0,0,1/1/1900 0:00,0,500,1,0,5,,0,0,0,Blue fabric for wooden chair,Sales Inventory,(none),1.13,RM-STD,,,0,,,,BUY,Currency Amount,0
ADVANCED0001,SEAT FRAME,SEAT FRAME,0,100,None,2,1/1/1900 0:00,0,0,0,1/1/1900 0:00,0,1000,5,0,2,,0,0,0,Wood seat frame,Sales Inventory,(none),6.75,RM-STD,,,0,,,,BUY,Currency Amount,0
ADVANCED0001,SPRING,SPRING,0,100,None,2,1/1/1900 0:00,0,0,0,1/1/1900 0:00,0,5000,10,0,2,,0,0,0,Metal spring for pen,Sales Inventory,(none),0.05,RM-ACT,,,0,,,,BUY,Currency Amount,0
ADVANCED0001,STYLE-M,STYLE-M,0,100,None,2,1/1/1900 0:00,0,0,0,1/1/1900 0:00,0,5000,10,0,2,,0,0,0,Mens style custom watch,Sales Inventory,(none),18.22,RM-STD,,,0,,,,BUY,Currency Amount,0
ADVANCED0001,STYLE-W,STYLE-W,0,100,None,2,1/1/1900 0:00,0,0,0,1/1/1900 0:00,0,5000,10,0,2,,0,0,0,Womens style custom watch,Sales Inventory,(none),20.25,RM-STD,,,0,,,,BUY,Currency Amount,0
AMERICAN0001,3-B3813A,3-B3813A,0,0,,2,1/1/1900 0:00,0,0,0,1/1/1900 0:00,0,0,0,0,0,,0,0,0,Keyboard,Sales Inventory,(none),50,COMPONENTS,,,0,,,RETAIL,,% Markup - Current Cost,0
COMPUTER0001,3-J2094A,3-J2094A,0,0,,2,1/1/1900 0:00,0,0,0,1/1/1900 0:00,0,0,0,0,0,,0,0,0,RS-232C Modem,Sales Inventory,(none),2150,MODEMS,,Modems,0,,,RETAIL,,% Markup - Current Cost,0
