SOP Number,Item Number,QTY,Extended Cost,Extended Price,Customer Number,Document Date,Hold
BKO1005,ACCS-HDS-1EAR,3,115.77,239.85,BREAKTHR0001,4/21/2027 0:00,No
BKO1006,ANSW-PAN-1450,3,150.75,329.85,ADAMPARK0001,4/21/2027 0:00,No
FULORD1000,100XLG,2,111,119.9,AARONFIT0001,4/12/2027 0:00,No
FULORD1000,256 SDRAM,1,247.5,229.95,AARONFIT0001,4/12/2027 0:00,No
FULORD1001,333PROC,2,477,479.9,ADAMPARK0001,4/12/2027 0:00,No
FULORD1001,ACCS-CRD-25BK,2,11.96,39.9,ADAMPARK0001,4/12/2027 0:00,No
FULORD1002,ACCS-HDS-1EAR,2,77.18,159.9,ADVANCED0001,4/12/2027 0:00,No
FULORD1002,BELL100,2,4,19.9,ADVANCED0001,4/12/2027 0:00,No
FULORD1003,BK MOUSE,2,18,39.9,AARONFIT0001,4/12/2027 0:00,No
FULORD1003,CAP100,1,0.02,9.95,AARONFIT0001,4/12/2027 0:00,No
FULORD1004,CB100,1,1.5,9.95,ADVANCED0001,4/12/2027 0:00,No
FULORD1004,COMPBOOK,2,13.5,15,ADVANCED0001,4/12/2027 0:00,No
FULORD1005,CORDG,3,2.01,29.85,ADAMPARK0001,4/12/2027 0:00,No
FULORD1005,COV100G,2,2,19.9,ADAMPARK0001,4/12/2027 0:00,No
FULORD1005,FTRUB,4,0.04,39.8,ADAMPARK0001,4/12/2027 0:00,No
FULORD1006,HDWR-LDS-0001,1,2700,5409.95,AARONFIT0001,4/12/2027 0:00,No
FULORD1006,KB104,2,27,39.9,AARONFIT0001,4/12/2027 0:00,No
FULORD1007,CBA100,2,31,59.9,ADAMPARK0001,4/12/2027 0:00,No
FULORD1007,M1500,5,540,699.75,ADAMPARK0001,4/12/2027 0:00,No
FULORD1008,PHON-BAS-0001,2,23.9,59.9,AARONFIT0001,4/12/2027 0:00,No
FULORD1008,PHON-FGD-0001,1,57.22,119.95,AARONFIT0001,4/12/2027 0:00,No
INVS3014,5-CONTRACTS,1,0,3333.3,RIVERSID0001,9/25/2028 0:00,No
INVS3014,5-CONTRACTS,1,0,0,RIVERSID0001,9/25/2028 0:00,No
INVS3014,5-CONTRACTS,1,0,0,RIVERSID0001,9/25/2028 0:00,No
INVS3014,5-CONTRACTS,1,0,0,RIVERSID0001,9/25/2028 0:00,No
INVS3014,5-CONTRACTS,1,0,308.3,RIVERSID0001,9/25/2028 0:00,No
INVS3015,5-CONTRACTS,1,0,0,PLAZAONE0001,9/5/2028 0:00,No
INVS3015,5-CONTRACTS,1,0,0,PLAZAONE0001,9/5/2028 0:00,No
INVS3015,5-CONTRACTS,1,0,8000,PLAZAONE0001,9/5/2028 0:00,No
INVS3015,5-CONTRACTS,1,0,0,PLAZAONE0001,9/5/2028 0:00,No
INVS3015,5-CONTRACTS,1,0,0,PLAZAONE0001,9/5/2028 0:00,No
INVS3015,5-CONTRACTS,1,0,0,PLAZAONE0001,9/5/2028 0:00,No
INVS3015,5-CONTRACTS,1,0,0,PLAZAONE0001,9/5/2028 0:00,No
INVS3015,5-CONTRACTS,1,0,740,PLAZAONE0001,9/5/2028 0:00,No
INVS3016,5-CONTRACTS,1,0,2700,COMPUTER0001,9/30/2028 0:00,No
INVS3016,5-CONTRACTS,1,0,74.97,COMPUTER0001,9/30/2028 0:00,No
INVS3016,5-CONTRACTS,1,0,74.97,COMPUTER0001,9/30/2028 0:00,No
INVS3016,5-CONTRACTS,1,0,37.53,COMPUTER0001,9/30/2028 0:00,No
INVS3017,5-CONTRACTS,1,0,375.03,CENTRALI0001,9/30/2028 0:00,No
INVS3017,5-CONTRACTS,1,0,375.03,CENTRALI0001,9/30/2028 0:00,No
INVS3017,5-CONTRACTS,1,0,375.03,CENTRALI0001,9/30/2028 0:00,No
INVS3017,5-CONTRACTS,1,0,375.03,CENTRALI0001,9/30/2028 0:00,No
INVS3017,5-CONTRACTS,1,0,375.03,CENTRALI0001,9/30/2028 0:00,No
INVS3018,5-CONTRACTS,1,0,3900,NORTHERN0002,10/1/2027 0:00,No
INVS3018,5-CONTRACTS,1,0,0,NORTHERN0002,10/1/2027 0:00,No
INVS3018,5-CONTRACTS,1,0,360,NORTHERN0002,10/1/2027 0:00,No
INVS3019,5-CONTRACTS,1,0,3600,AMERICAN0001,10/10/2027 0:00,No
INVS3020,5-CONTRACTS,1,0,520,WORLDENT0001,4/10/2028 0:00,No
INVS3020,5-CONTRACTS,1,0,520,WORLDENT0001,4/10/2028 0:00,No
INVS3020,5-CONTRACTS,4,0,2080,WORLDENT0001,4/10/2028 0:00,No
INVS3021,5-CONTRACTS,1,0,2483.64,VANCOUVE0001,10/1/2027 0:00,No
INVS3022,5-CONTRACTS,1,0,3400,CELLULAR0001,8/5/2028 0:00,No
INVS3022,5-CONTRACTS,1,0,0,CELLULAR0001,8/5/2028 0:00,No
INVS3022,5-CONTRACTS,1,0,400,CELLULAR0001,8/5/2028 0:00,No
INVS3022,5-CONTRACTS,2,0,0,CELLULAR0001,8/5/2028 0:00,No
INVS3022,5-CONTRACTS,1,0,0,CELLULAR0001,8/5/2028 0:00,No
INVS3022,5-CONTRACTS,1,0,150,CELLULAR0001,8/5/2028 0:00,No
INVS3022,5-CONTRACTS,1,0,0,CELLULAR0001,8/5/2028 0:00,No
INVS3022,5-CONTRACTS,1,0,0,CELLULAR0001,8/5/2028 0:00,No
INVS3022,5-CONTRACTS,1,0,0,CELLULAR0001,8/5/2028 0:00,No
INVS3022,5-CONTRACTS,1,0,0,CELLULAR0001,8/5/2028 0:00,No
INVS3022,5-CONTRACTS,1,0,0,CELLULAR0001,8/5/2028 0:00,No
INVS3023,5-CONTRACTS,1,0,2759.6,ROSELLEN0001,10/10/2027 0:00,No
INVS3024,5-CONTRACTS,2,0,500,DIRECTMA0001,9/1/2028 0:00,No
INVS3024,5-CONTRACTS,3,0,500,DIRECTMA0001,9/1/2028 0:00,No
INVS3024,5-CONTRACTS,1,0,500,DIRECTMA0001,9/1/2028 0:00,No
INVS3025,5-CONTRACTS,1,0,4000,CENTRALD0001,10/10/2027 0:00,No
INVS3025,5-CONTRACTS,1,0,370,CENTRALD0001,10/10/2027 0:00,No
INVS3025,5-CONTRACTS,1,0,0,CENTRALD0001,10/10/2027 0:00,No
INVS3025,5-CONTRACTS,2,0,0,CENTRALD0001,10/10/2027 0:00,No
INVS3025,5-CONTRACTS,1,0,0,CENTRALD0001,10/10/2027 0:00,No
INVS3025,5-CONTRACTS,1,0,0,CENTRALD0001,10/10/2027 0:00,No
INVS3025,5-CONTRACTS,1,0,0,CENTRALD0001,10/10/2027 0:00,No
INVS3025,5-CONTRACTS,1,0,0,CENTRALD0001,10/10/2027 0:00,No
INVS3025,5-CONTRACTS,1,0,0,CENTRALD0001,10/10/2027 0:00,No
INVS3025,5-CONTRACTS,1,0,0,CENTRALD0001,10/10/2027 0:00,No
INVS3025,5-CONTRACTS,1,0,0,CENTRALD0001,10/10/2027 0:00,No
INVS3026,5-CONTRACTS,1,0,2483.64,NOVASCOT0001,10/1/2027 0:00,No
INVS3027,5-CONTRACTS,1,0,500,RAINBOWR0001,10/1/2027 0:00,No
INVS3027,5-CONTRACTS,1,0,500,RAINBOWR0001,10/1/2027 0:00,No
INVS3027,5-CONTRACTS,1,0,500,RAINBOWR0001,10/1/2027 0:00,No
INVS3027,5-CONTRACTS,1,0,500,RAINBOWR0001,10/1/2027 0:00,No
INVS3027,5-CONTRACTS,1,0,500,RAINBOWR0001,10/1/2027 0:00,No
INVS3027,5-CONTRACTS,1,0,500,RAINBOWR0001,10/1/2027 0:00,No
INVS3027,5-CONTRACTS,1,0,500,RAINBOWR0001,10/1/2027 0:00,No
INVS3027,5-CONTRACTS,2,0,1000,RAINBOWR0001,10/1/2027 0:00,No
INVS3027,5-CONTRACTS,1,0,500,RAINBOWR0001,10/1/2027 0:00,No
INVS3027,5-CONTRACTS,1,0,500,RAINBOWR0001,10/1/2027 0:00,No
INVS3027,5-CONTRACTS,1,0,500,RAINBOWR0001,10/1/2027 0:00,No
INVS3028,5-CONTRACTS,1,0,7600,HOMEFURN0001,11/1/2027 0:00,No
INVS3028,5-CONTRACTS,1,0,700,HOMEFURN0001,11/1/2027 0:00,No
INVS3028,5-CONTRACTS,1,0,740,HOMEFURN0001,11/1/2027 0:00,No
INVS3028,5-CONTRACTS,2,0,0,HOMEFURN0001,11/1/2027 0:00,No
INVS3028,5-CONTRACTS,1,0,0,HOMEFURN0001,11/1/2027 0:00,No
INVS3028,5-CONTRACTS,1,0,0,HOMEFURN0001,11/1/2027 0:00,No
INVS3028,5-CONTRACTS,1,0,0,HOMEFURN0001,11/1/2027 0:00,No
INVS3028,5-CONTRACTS,1,0,0,HOMEFURN0001,11/1/2027 0:00,No
INVS3028,5-CONTRACTS,1,0,0,HOMEFURN0001,11/1/2027 0:00,No
INVS3028,5-CONTRACTS,1,0,0,HOMEFURN0001,11/1/2027 0:00,No
INVS3028,5-CONTRACTS,1,0,0,HOMEFURN0001,11/1/2027 0:00,No
INVS3028,5-CONTRACTS,1,0,0,HOMEFURN0001,11/1/2027 0:00,No
INVS3029,5-CONTRACTS,1,0,4139.4,RIVERSID0001,8/1/2028 0:00,No
INVS3030,5-CONTRACTS,1,0,6209.1,COMPUTER0002,11/1/2027 0:00,No
INVS3031,5-CONTRACTS,2,0,250,ALTONMAN0001,4/1/2028 0:00,No
INVS3031,5-CONTRACTS,3,0,250,ALTONMAN0001,4/1/2028 0:00,No
INVS3031,5-CONTRACTS,1,0,250,ALTONMAN0001,4/1/2028 0:00,No
INVS3032,5-CONTRACTS,2,0,500,NORTHCOL0001,11/1/2027 0:00,No
INVS3032,5-CONTRACTS,3,0,500,NORTHCOL0001,11/1/2027 0:00,No
INVS3032,5-CONTRACTS,1,0,500,NORTHCOL0001,11/1/2027 0:00,No
INVS3033,5-CONTRACTS,1,0,8000,COUNTRYV0001,12/1/2027 0:00,No
INVS3033,5-CONTRACTS,1,0,740,COUNTRYV0001,12/1/2027 0:00,No
INVS3033,5-CONTRACTS,1,0,0,COUNTRYV0001,12/1/2027 0:00,No
INVS3033,5-CONTRACTS,2,0,0,COUNTRYV0001,12/1/2027 0:00,No
INVS3033,5-CONTRACTS,1,0,0,COUNTRYV0001,12/1/2027 0:00,No
INVS3033,5-CONTRACTS,1,0,0,COUNTRYV0001,12/1/2027 0:00,No
INVS3033,5-CONTRACTS,1,0,0,COUNTRYV0001,12/1/2027 0:00,No
INVS3033,5-CONTRACTS,1,0,0,COUNTRYV0001,12/1/2027 0:00,No
INVS3033,5-CONTRACTS,1,0,0,COUNTRYV0001,12/1/2027 0:00,No
INVS3033,5-CONTRACTS,1,0,0,COUNTRYV0001,12/1/2027 0:00,No
INVS3033,5-CONTRACTS,1,0,0,COUNTRYV0001,12/1/2027 0:00,No
INVS3034,5-CONTRACTS,1,0,8000,COMPUTEC0001,12/1/2027 0:00,No
INVS3034,5-CONTRACTS,1,0,740,COMPUTEC0001,12/1/2027 0:00,No
INVS3034,5-CONTRACTS,1,0,0,COMPUTEC0001,12/1/2027 0:00,No
INVS3034,5-CONTRACTS,2,0,0,COMPUTEC0001,12/1/2027 0:00,No
INVS3034,5-CONTRACTS,1,0,0,COMPUTEC0001,12/1/2027 0:00,No
INVS3034,5-CONTRACTS,1,0,0,COMPUTEC0001,12/1/2027 0:00,No
INVS3034,5-CONTRACTS,1,0,0,COMPUTEC0001,12/1/2027 0:00,No
INVS3034,5-CONTRACTS,1,0,0,COMPUTEC0001,12/1/2027 0:00,No
INVS3034,5-CONTRACTS,1,0,0,COMPUTEC0001,12/1/2027 0:00,No
INVS3034,5-CONTRACTS,1,0,0,COMPUTEC0001,12/1/2027 0:00,No
INVS3034,5-CONTRACTS,1,0,0,COMPUTEC0001,12/1/2027 0:00,No
INVS3035,5-CONTRACTS,1,0,827.88,BREAKTHR0001,12/1/2027 0:00,No
INVS3036,5-CONTRACTS,2,0,165.58,COMMUNIC0002,5/1/2028 0:00,No
INVS3036,5-CONTRACTS,2,0,165.58,COMMUNIC0002,5/1/2028 0:00,No
INVS3036,5-CONTRACTS,1,0,165.58,COMMUNIC0002,5/1/2028 0:00,No
INVS3037,5-CONTRACTS,2,0,827.88,VISTATRA0001,12/1/2027 0:00,No
INVS3037,5-CONTRACTS,4,0,827.88,VISTATRA0001,12/1/2027 0:00,No
INVS3037,5-CONTRACTS,1,0,579.52,VISTATRA0001,12/1/2027 0:00,No
INVS3038,5-CONTRACTS,1,0,662.3,PLACEONE0001,1/1/2028 0:00,No
INVS3039,5-CONTRACTS,2,0,1050,BERRYMED0001,9/1/2028 0:00,No
INVS3039,5-CONTRACTS,2,0,1050,BERRYMED0001,9/1/2028 0:00,No
INVS3039,5-CONTRACTS,1,0,73.5,BERRYMED0001,9/1/2028 0:00,No
INVS3040,5-CONTRACTS,2,0,2400,MIDCITYH0001,7/1/2028 0:00,No
INVS3040,5-CONTRACTS,1,0,1200,MIDCITYH0001,7/1/2028 0:00,No
INVS3040,5-CONTRACTS,1,0,960,MIDCITYH0001,7/1/2028 0:00,No
INVS3041,5-CONTRACTS,1,0,960,JOHNSONK0001,1/1/2028 0:00,No
INVS3042,5-CONTRACTS,2,0,1200,CRAWFORD0001,1/1/2028 0:00,No
INVS3042,5-CONTRACTS,4,0,1200,CRAWFORD0001,1/1/2028 0:00,No
INVS3042,5-CONTRACTS,2,0,1200,CRAWFORD0001,1/1/2028 0:00,No
INVS3043,5-CONTRACTS,2,0,2400,LASERMES0001,1/1/2028 0:00,No
INVS3043,5-CONTRACTS,4,0,2400,LASERMES0001,1/1/2028 0:00,No
INVS3043,5-CONTRACTS,1,0,2400,LASERMES0001,1/1/2028 0:00,No
INVS3044,5-CONTRACTS,2,0,1655.76,ADVANCED0002,7/1/2028 0:00,No
INVS3044,5-CONTRACTS,4,0,1655.76,ADVANCED0002,7/1/2028 0:00,No
INVS3044,5-CONTRACTS,3,0,1655.76,ADVANCED0002,7/1/2028 0:00,No
INVS3045,5-CONTRACTS,2,0,2400,STMARYHO0001,7/1/2028 0:00,No
INVS3045,5-CONTRACTS,4,0,2400,STMARYHO0001,7/1/2028 0:00,No
INVS3045,5-CONTRACTS,3,0,2400,STMARYHO0001,7/1/2028 0:00,No
INVS3046,5-CONTRACTS,2,0,1758.24,STPATRIC0001,7/1/2028 0:00,No
INVS3046,5-CONTRACTS,4,0,1758.24,STPATRIC0001,7/1/2028 0:00,No
INVS3046,5-CONTRACTS,6,0,1758.24,STPATRIC0001,7/1/2028 0:00,No
INVS3047,5-CONTRACTS,1,0,333.33,RIVERSID0001,10/25/2028 0:00,No
INVS3047,5-CONTRACTS,1,0,0,RIVERSID0001,10/25/2028 0:00,No
INVS3047,5-CONTRACTS,1,0,0,RIVERSID0001,10/25/2028 0:00,No
INVS3047,5-CONTRACTS,1,0,0,RIVERSID0001,10/25/2028 0:00,No
INVS3047,5-CONTRACTS,1,0,30.83,RIVERSID0001,10/25/2028 0:00,No
INVS3048,5-CONTRACTS,1,0,300,COMPUTER0001,10/31/2028 0:00,No
INVS3048,5-CONTRACTS,1,0,8.33,COMPUTER0001,10/31/2028 0:00,No
INVS3048,5-CONTRACTS,1,0,8.33,COMPUTER0001,10/31/2028 0:00,No
INVS3048,5-CONTRACTS,1,0,4.17,COMPUTER0001,10/31/2028 0:00,No
INVS3049,5-CONTRACTS,1,0,41.67,CENTRALI0001,10/31/2028 0:00,No
INVS3049,5-CONTRACTS,1,0,41.67,CENTRALI0001,10/31/2028 0:00,No
INVS3049,5-CONTRACTS,1,0,41.67,CENTRALI0001,10/31/2028 0:00,No
INVS3049,5-CONTRACTS,1,0,41.67,CENTRALI0001,10/31/2028 0:00,No
INVS3049,5-CONTRACTS,1,0,41.67,CENTRALI0001,10/31/2028 0:00,No
INVS3050,5-CONTRACTS,2,0,50,BERRYMED0001,10/1/2028 0:00,No
INVS3050,5-CONTRACTS,2,0,50,BERRYMED0001,10/1/2028 0:00,No
INVS3050,5-CONTRACTS,1,0,3.5,BERRYMED0001,10/1/2028 0:00,No
INVS3051,5-CONTRACTS,1,0,333.37,RIVERSID0001,11/25/2028 0:00,No
INVS3051,5-CONTRACTS,1,0,0,RIVERSID0001,11/25/2028 0:00,No
INVS3051,5-CONTRACTS,1,0,0,RIVERSID0001,11/25/2028 0:00,No
INVS3051,5-CONTRACTS,1,0,0,RIVERSID0001,11/25/2028 0:00,No
INVS3051,5-CONTRACTS,1,0,30.87,RIVERSID0001,11/25/2028 0:00,No
INVS3052,5-CONTRACTS,1,0,300,COMPUTER0001,11/30/2028 0:00,No
INVS3052,5-CONTRACTS,1,0,8.33,COMPUTER0001,11/30/2028 0:00,No
INVS3052,5-CONTRACTS,1,0,8.33,COMPUTER0001,11/30/2028 0:00,No
INVS3052,5-CONTRACTS,1,0,4.17,COMPUTER0001,11/30/2028 0:00,No
INVS3053,5-CONTRACTS,1,0,41.67,CENTRALI0001,11/30/2028 0:00,No
INVS3053,5-CONTRACTS,1,0,41.67,CENTRALI0001,11/30/2028 0:00,No
INVS3053,5-CONTRACTS,1,0,41.67,CENTRALI0001,11/30/2028 0:00,No
INVS3053,5-CONTRACTS,1,0,41.67,CENTRALI0001,11/30/2028 0:00,No
INVS3053,5-CONTRACTS,1,0,41.67,CENTRALI0001,11/30/2028 0:00,No
INVS3054,5-CONTRACTS,2,0,50,BERRYMED0001,11/1/2028 0:00,No
INVS3054,5-CONTRACTS,2,0,50,BERRYMED0001,11/1/2028 0:00,No
INVS3054,5-CONTRACTS,1,0,3.5,BERRYMED0001,11/1/2028 0:00,No
INVSP1005,M1700,1,198,199.95,ASTORSUI0001,4/21/2027 0:00,No
ORDST2225,FAXX-SLK-2100,1,899,1799.95,CENTRALD0001,5/23/2027 0:00,No
ORDST2226,128 SDRAM,2,304.2,270.4,AARONFIT0001,4/12/2027 0:00,No
ORDST2226,333PROC,1,238.5,239.95,AARONFIT0001,4/12/2027 0:00,No
ORDST2226,4.5HD,2,369,379.9,AARONFIT0001,4/12/2027 0:00,No
ORDST2226,40X IDE,1,39.6,39.95,AARONFIT0001,4/12/2027 0:00,No
ORDST2227,128 SDRAM,4,608.4,540.8,BERRYMED0001,4/12/2027 0:00,No
ORDST2227,40X IDE,1,39.6,39.95,BERRYMED0001,4/12/2027 0:00,No
ORDST2227,500PROC,1,702,749.95,BERRYMED0001,4/12/2027 0:00,No
ORDST2227,8.4HD,1,292.5,309.95,BERRYMED0001,4/12/2027 0:00,No
ORDST2227,ACCS-CRD-25BK,2,11.96,39.9,BERRYMED0001,4/12/2027 0:00,No
ORDST2228,128 SDRAM,2,304.2,270.4,CELLULAR0001,4/12/2027 0:00,No
ORDST2228,40X IDE,1,39.6,39.95,CELLULAR0001,4/12/2027 0:00,No
ORDST2228,333PROC,1,238.5,239.95,CELLULAR0001,4/12/2027 0:00,No
ORDST2228,ACCS-CRD-25BK,1,5.98,19.95,CELLULAR0001,4/12/2027 0:00,No
ORDST2229,128 SDRAM,1,152.1,135.2,ALTONMAN0001,4/12/2027 0:00,No
ORDST2229,4.5HD,1,184.5,189.95,ALTONMAN0001,4/12/2027 0:00,No
ORDST2229,40X IDE,2,79.2,79.9,ALTONMAN0001,4/12/2027 0:00,No
ORDST2229,500PROC,1,702,749.95,ALTONMAN0001,4/12/2027 0:00,No
ORDST2229,64 SDRAM,2,160.2,145.9,ALTONMAN0001,4/12/2027 0:00,No
ORDST2229,ACCS-CRD-25BK,3,17.94,59.85,ALTONMAN0001,4/12/2027 0:00,No
ORDST2229,ACCS-HDS-2EAR,1,41.98,89.95,ALTONMAN0001,4/12/2027 0:00,No
ORDST2229,ANSW-ATT-1000,1,59.29,119.95,ALTONMAN0001,4/12/2027 0:00,No
ORDST2229,ANSW-PAN-2460,1,73.25,149.95,ALTONMAN0001,4/12/2027 0:00,No
ORDST2229,BOT100G,2,2.4,19.9,ALTONMAN0001,4/12/2027 0:00,No
ORDST2229,HDWR-CIM-0001,1,3290.55,6589.95,ALTONMAN0001,4/12/2027 0:00,No
ORDST2229,HDWR-SBD-0001,1,14778.12,29559.95,ALTONMAN0001,4/12/2027 0:00,No
ORDST2229,KB104,2,27,39.9,ALTONMAN0001,4/12/2027 0:00,No
ORDST2229,M2100,1,810,999.95,ALTONMAN0001,4/12/2027 0:00,No
ORDST2229,PHON-ATT-0712,2,71.78,159.9,ALTONMAN0001,4/12/2027 0:00,No
ORDST2229,PHON-FGD-0001,1,57.22,119.95,ALTONMAN0001,4/12/2027 0:00,No
ORDST2229,PHON-RCV-0002,1,41.88,89.95,ALTONMAN0001,4/12/2027 0:00,No
ORDST2229,RES100,5,0.1,49.75,ALTONMAN0001,4/12/2027 0:00,No
ORDST2229,RESR-COM-68KM,1,5.75,19.95,ALTONMAN0001,4/12/2027 0:00,No
ORDST2229,RMTL-CAP-10MF,1,3.93,8.25,ALTONMAN0001,4/12/2027 0:00,No
ORDST2229,SOLDER,1,0.01,0.35,ALTONMAN0001,4/12/2027 0:00,No
ORDST2229,TRAN-STR-N394,2,19.62,39.9,ALTONMAN0001,4/12/2027 0:00,No
ORDST2229,TRANS100,1,0.02,9.95,ALTONMAN0001,4/12/2027 0:00,No
ORDST2229,TRANSF100,1,5,19.95,ALTONMAN0001,4/12/2027 0:00,No
ORDST2229,WIRE-MCD-0001,10,5.4,3.5,ALTONMAN0001,4/12/2027 0:00,No
ORDST2229,WIRE-SCD-0001,25,4,8.75,ALTONMAN0001,4/12/2027 0:00,No
ORDST2229,WIRE100,2,0.02,0.7,ALTONMAN0001,4/12/2027 0:00,No
ORDST2229,24X IDE,1,45,40,ALTONMAN0001,4/12/2027 0:00,No
ORDST2229,256 SDRAM,1,247.5,229.95,ALTONMAN0001,4/12/2027 0:00,No
ORDST2229,32 SDRAM,2,81,99.9,ALTONMAN0001,4/12/2027 0:00,No
ORDST2229,333PROC,1,238.5,239.95,ALTONMAN0001,4/12/2027 0:00,No
ORDST2229,400PROC,1,393.3,399.95,ALTONMAN0001,4/12/2027 0:00,No
ORDST2229,450PROC,1,566.1,569.95,ALTONMAN0001,4/12/2027 0:00,No
ORDST2229,6.5HD,1,224.1,224.99,ALTONMAN0001,4/12/2027 0:00,No
ORDST2229,ACCS-CRD-12WH,1,3.29,9.95,ALTONMAN0001,4/12/2027 0:00,No
ORDST2229,ACCS-HDS-1EAR,1,38.59,79.95,ALTONMAN0001,4/12/2027 0:00,No
ORDST2229,ACCS-RST-DXBK,1,4.55,9.95,ALTONMAN0001,4/12/2027 0:00,No
ORDST2229,ACCS-RST-DXWH,2,9.1,19.9,ALTONMAN0001,4/12/2027 0:00,No
ORDST2230,128 SDRAM,1,152.1,135.2,BAKERSEM0001,4/12/2027 0:00,No
ORDST2231,1-A3261A,1,16000,32000,BAKERSEM0001,4/12/2027 0:00,No
ORDST2232,1-A3261A,1,16000,32000,ROSELLEN0001,4/12/2027 0:00,No
QTEST1022,ACCS-HDS-1EAR,1,38.59,79.95,AARONFIT0001,3/5/2027 0:00,No
QTEST1023,ACCS-RST-DXBK,1,4.55,9.95,BAKERSEM0001,3/5/2027 0:00,No
QTEST1024,1-A3261A,1,16000,32000,AARONFIT0001,4/12/2027 0:00,No
RMA002001,3-J2094A,1,2150,2623,GREENWAY0001,8/6/2028 0:00,No
RMA004000,3-B3813A,2,50,120,ADAMPARK0001,8/6/2028 0:00,No
RMA004001,3-J2094A,1,2150,2623,GREENWAY0001,8/6/2028 0:00,No
STDINV2255,ACCS-HDS-1EAR,1,38.59,79.95,LASERMES0001,5/23/2027 0:00,No
STDINV2255,CBA100,1,15.5,29.95,LASERMES0001,5/23/2027 0:00,No
STDINV2256,SPLN-TWO-0001,1,0,1000,FRANCHIS0001,5/23/2027 0:00,No
STDINV2257,ACCS-CRD-25BK,5,29.9,99.75,ADAMPARK0001,3/5/2027 0:00,No
STDINV2258,32X IDE,7,346.5,349.65,AMERICAN0001,3/5/2027 0:00,No
STDINV2259,100XLG,2,111,119.9,CENTRALC0001,4/12/2027 0:00,No
STDINV2259,128 SDRAM,1,0,0,CENTRALC0001,4/12/2027 0:00,No
STDINV2259,24X IDE,1,0,0,CENTRALC0001,4/12/2027 0:00,No
STDINV2259,256 SDRAM,2,495,459.9,CENTRALC0001,4/12/2027 0:00,No
STDINV2259,32 SDRAM,1,40.5,49.95,CENTRALC0001,4/12/2027 0:00,No
STDINV2259,32X IDE,1,0,0,CENTRALC0001,4/12/2027 0:00,No
STDINV2259,4.5HD,1,184.5,189.95,CENTRALC0001,4/12/2027 0:00,No
STDINV2259,400PROC,1,393.3,399.95,CENTRALC0001,4/12/2027 0:00,No
STDINV2259,40X IDE,1,39.6,39.95,CENTRALC0001,4/12/2027 0:00,No
STDINV2259,450PROC,1,566.1,569.95,CENTRALC0001,4/12/2027 0:00,No
STDINV2259,500PROC,1,702,749.95,CENTRALC0001,4/12/2027 0:00,No
STDINV2259,6.5HD,3,672.3,674.97,CENTRALC0001,4/12/2027 0:00,No
STDINV2259,64 SDRAM,1,80.1,72.95,CENTRALC0001,4/12/2027 0:00,No
STDINV2259,8.4HD,1,292.5,309.95,CENTRALC0001,4/12/2027 0:00,No
STDINV2259,A100,5,180,199.75,CENTRALC0001,4/12/2027 0:00,No
STDINV2259,ACCS-CRD-12WH,3,0,0,CENTRALC0001,4/12/2027 0:00,No
STDINV2259,ACCS-CRD-25BK,1,5.98,19.95,CENTRALC0001,4/12/2027 0:00,No
STDINV2259,ACCS-HDS-1EAR,3,115.77,239.85,CENTRALC0001,4/12/2027 0:00,No
STDINV2259,ACCS-HDS-2EAR,2,83.96,179.9,CENTRALC0001,4/12/2027 0:00,No
STDINV2259,ANSW-ATT-1000,1,59.29,119.95,CENTRALC0001,4/12/2027 0:00,No
STDINV2259,ANSW-PAN-2460,2,146.5,299.9,CENTRALC0001,4/12/2027 0:00,No
STDINV2259,BA100G,4,109.48,119.8,CENTRALC0001,4/12/2027 0:00,No
STDINV2259,BELL100,2,4,19.9,CENTRALC0001,4/12/2027 0:00,No
STDINV2259,BK MOUSE,1,9,19.95,CENTRALC0001,4/12/2027 0:00,No
STDINV2259,BOT100G,6,7.2,59.7,CENTRALC0001,4/12/2027 0:00,No
STDINV2259,CAP100,1,0.02,9.95,CENTRALC0001,4/12/2027 0:00,No
STDINV2259,CB100,2,3,19.9,CENTRALC0001,4/12/2027 0:00,No
STDINV2259,CBA100,1,15.5,29.95,CENTRALC0001,4/12/2027 0:00,No
STDINV2259,CORDG,3,2.01,29.85,CENTRALC0001,4/12/2027 0:00,No
STDINV2259,FAXX-SLK-2100,1,899,1799.95,CENTRALC0001,4/12/2027 0:00,No
STDINV2259,FTRUB,2,0.02,19.9,CENTRALC0001,4/12/2027 0:00,No
STDINV2259,HA100G,2,36.88,59.9,CENTRALC0001,4/12/2027 0:00,No
STDINV2259,HDWR-ACC-0100,1,35000,70009.95,CENTRALC0001,4/12/2027 0:00,No
STDINV2259,HDWR-LDS-0001,1,2700,5409.95,CENTRALC0001,4/12/2027 0:00,No
STDINV2259,KB104,2,27,39.9,CENTRALC0001,4/12/2027 0:00,No
STDINV2259,KPA100,2,7.76,19.9,CENTRALC0001,4/12/2027 0:00,No
STDINV2259,M1500,1,108,139.95,CENTRALC0001,4/12/2027 0:00,No
STDINV2259,M1700,1,198,199.95,CENTRALC0001,4/12/2027 0:00,No
STDINV2259,M2100,1,810,999.95,CENTRALC0001,4/12/2027 0:00,No
STDINV2259,MIC100,2,8,19.9,CENTRALC0001,4/12/2027 0:00,No
STDINV2260,ANSW-PAN-2460,3,219.75,449.85,AARONFIT0001,4/12/2027 0:00,No
STDINV2261,3-A2969A,1,890,1780,ASTORSUI0001,4/12/2027 0:00,No
BKO1001,SOFT-PHM-0001,1,34550,69109.95,CONTOSOL0001,5/10/2024 0:00,No
BKO1003,ACCS-HDS-2EAR,10,419.8,899.5,AMERICAN0001,5/8/2025 0:00,No
INV1010,FAXX-SLK-0172,1,674.5,1349.95,ISNINDUS0001,5/17/2024 0:00,No
INV1011,PHON-ATT-53WH,1,91.25,189.95,MENDOTAU0001,5/19/2024 0:00,No
INV1012,HDWR-PNL-0001,1,303.85,609.95,KELLYCON0001,5/27/2024 0:00,No
INV1013,PHON-ATT-53BL,5,467.75,949.75,ADVANCED0002,5/27/2024 0:00,No
INV1014,ACCS-CRD-12WH,3,9.87,29.85,CENTRALC0001,5/10/2024 0:00,No
INV1015,PHON-BUS-1250,1,165.85,359.95,MAGNIFIC0001,5/10/2024 0:00,No
INV1016,ACCS-CRD-12WH,1,3.29,9.95,METROPOL0001,5/10/2024 0:00,No
INV1017,HDWR-PRO-4862,1,2998.15,5999.95,MAHLERST0001,5/10/2024 0:00,No
INV1018,WIRE-SCD-0001,25,4,8.75,LAWRENCE0001,5/10/2024 0:00,No
INV1019,FAXX-SLK-0172,1,674.5,1349.95,BLUEYOND0001,5/10/2024 0:00,No
INV1020,ACCS-RST-DXBK,3,13.65,29.85,ASTORSUI0001,5/10/2024 0:00,No
INV1022,PHON-ATT-53BL,4,374.2,759.8,PLAZAONE0001,5/20/2024 0:00,No
INV1023,FAXX-CAN-9800,10,11970,23999.5,VANCOUVE0001,5/30/2024 0:00,No
INV1024,ANSW-ATT-1000,1,59.29,119.95,AARONFIT0001,2/10/2024 0:00,No
INV1025,ANSW-PAN-1450,1,50.25,109.95,AARONFIT0001,2/15/2024 0:00,No
INVPS1001,PHON-ATT-53WH,1,92.59,189.95,HOLLINGC0001,5/25/2024 0:00,No
INVPS1002,ACCS-RST-DXWH,4,18.2,39.8,BREAKTHR0001,5/10/2024 0:00,No
INVPS1003,PHON-PAN-2315,2,59.5,119.9,HOLLINGC0001,5/10/2024 0:00,No
INVPS1004,PHON-ATT-53BL,2,187.1,379.9,LECLERC0001,5/10/2024 0:00,No
INVPS1004,FAXX-HLP-5433,1,395.1,854.5,LECLERC0001,5/10/2024 0:00,No
INVPS1005,HDWR-PNL-0001,1,303.85,609.95,BOYLESCO0001,5/10/2024 0:00,No
INVPS1006,ANSW-PAN-1450,1,50.25,109.95,CONTOSOL0001,5/10/2024 0:00,No
INVPS1007,TRAN-STR-N394,5,49.05,99.75,WESTCENT0001,4/12/2027 0:00,No
INVSP1000,PHON-ATT-53BL,4,374.2,759.8,PLAZAONE0001,5/20/2024 0:00,No
INVSP1001,ANSW-PAN-1450,1,50.25,109.95,LONDONBE0001,5/18/2024 0:00,No
INVSP1002,ACCS-CRD-25BK,1,5.98,19.95,MIDLANDC0001,5/22/2024 0:00,No
INVSP1003,ANSW-ATT-1000,1,59.29,119.95,COMPUTER0001,4/12/2027 0:00,No
INVSP1004,HDWR-SRG-0001,2,37.3,79.9,COUNTRYV0001,4/12/2027 0:00,No
ORD1000,PHON-BUS-1250,1,179.85,359.95,MAGNIFIC0001,5/8/2024 0:00,No
ORD1001,PHON-PAN-2315,2,55.96,119.9,HOLLINGC0001,5/10/2024 0:00,No
ORD1002,ACCS-CRD-12WH,1,3.29,9.95,METROPOL0001,5/7/2024 0:00,No
ORD1003,HDWR-ACC-0100,1,35000,70009.95,OFFICEDE0001,5/7/2024 0:00,No
ORD1004,SOFT-PHM-0001,1,34550,69109.95,VISIONIN0001,5/18/2024 0:00,No
ORD1005,HDWR-PNL-0001,1,303.85,609.95,COMMUNIC0002,5/29/2024 0:00,No
ORD1005,ACCS-CRD-12WH,5,16.45,49.75,COMMUNIC0002,5/29/2024 0:00,No
ORD1006,HDWR-CIM-0001,1,3290.55,6589.95,KENSINGT0001,5/16/2024 0:00,No
ORD1007,ACCS-RST-DXBK,3,13.65,29.85,ASTORSUI0001,5/10/2024 0:00,No
ORD1008,ACCS-CRD-12WH,1,3.29,9.95,AARONFIT0001,9/11/2026 0:00,No
STDINV2249,SOFT-PHM-0001,1,34550,69109.95,CONTOSOL0001,4/12/2027 0:00,No
STDINV2250,ACCS-RST-DXWH,3,13.65,29.85,ADAMPARK0001,4/12/2027 0:00,No
STDINV2251,PHON-GTE-3458,4,300,39.8,BAKERSEM0001,4/12/2027 0:00,No
STDINV2252,FAXX-SLK-2100,3,2697,5279.85,AARONFIT0001,4/12/2027 0:00,No
STDINV2252,ACCS-RST-DXWH,5,22.75,49.75,AARONFIT0001,4/12/2027 0:00,No
STDINV2253,ACCS-HDS-2EAR,10,419.8,899.5,AMERICAN0001,4/12/2027 0:00,No
STDINV2254,FAXX-SLK-2100,2,1798,3519.9,BAKERSEM0001,4/12/2027 0:00,No
STDINV2201,ANSW-PAN-1450,3,150.75,329.85,VANCOUVE0001,3/13/2027 0:00,No
STDINV2202,ACCS-RST-DXWH,12,54.6,119.4,AARONFIT0001,3/14/2027 0:00,No
STDINV2203,ACCS-RST-DXBK,36,163.8,358.2,AARONFIT0001,3/14/2027 0:00,No
STDINV2204,ACCS-CRD-12WH,4,13.16,39.8,PLAZAONE0001,3/15/2027 0:00,No
STDINV2205,PHON-PAN-3155,2,55.96,239.9,CENTRALC0001,3/16/2027 0:00,No
STDINV2206,ANSW-PAN-1450,10,502.5,1099.5,MAGNIFIC0001,3/17/2027 0:00,No
STDINV2207,HDWR-SRG-0001,4,81.8,159.8,METROPOL0001,3/17/2027 0:00,No
STDINV2208,ACCS-CRD-25BK,2,11.96,39.9,ASTORSUI0001,3/18/2027 0:00,No
STDINV2209,HDWR-RNG-0001,6,4014,8039.7,PLAZAONE0001,3/18/2027 0:00,No
STDINV2210,ACCS-HDS-1EAR,3,77.19,239.85,HOLLINGC0001,3/18/2027 0:00,No
STDINV2211,FAXX-CAN-9800,9,14682,21599.55,BREAKTHR0001,3/19/2027 0:00,No
STDINV2212,ACCS-HDS-1EAR,10,257.3,799.5,HOLLINGC0001,3/20/2027 0:00,No
STDINV2213,FAXX-CAN-9800,12,14364,28799.4,MAHLERST0001,3/21/2027 0:00,No
STDINV2214,FAXX-CAN-9800,2,2394,4799.9,LAWRENCE0001,3/22/2027 0:00,No
STDINV2215,100XLG,1,55.5,59.95,BLUEYOND0001,3/23/2027 0:00,No
STDINV2216,100XLG,8,444,479.6,ASTORSUI0001,3/24/2027 0:00,No
STDINV2217,HDWR-RNG-0001,1,669,1339.95,PLAZAONE0001,3/25/2027 0:00,No
STDINV2218,REPR-TWO-0002,12,0,419.4,VANCOUVE0001,3/26/2027 0:00,No
STDINV2219,PHON-ATT-53WH,1,92.59,189.95,AARONFIT0001,3/27/2027 0:00,No
STDINV2220,ACCS-RST-DXWH,4,18.2,39.8,AARONFIT0001,3/28/2027 0:00,No
STDINV2221,PHON-PAN-2315,6,167.88,359.7,PLAZAONE0001,3/29/2027 0:00,No
STDINV2222,PHON-ATT-53BL,3,280.65,569.85,AARONFIT0001,3/30/2027 0:00,No
STDINV2223,HDWR-PNL-0001,2,607.7,1219.9,BREAKTHR0001,3/31/2027 0:00,No
STDINV2224,ANSW-PAN-1450,1,50.25,109.95,HOLLINGC0001,3/31/2027 0:00,No
STDINV2225,ACCS-HDS-2EAR,1,41.98,89.95,ADAMPARK0001,4/12/2027 0:00,No
STDINV2226,ACCS-CRD-25BK,1,5.98,19.95,BAKERSEM0001,4/12/2027 0:00,No
STDINV2226,FAXX-SLK-2100,3,2637.15,5279.85,BAKERSEM0001,4/12/2027 0:00,No
STDINV2227,ACCS-HDS-1EAR,2,51.41,159.9,AARONFIT0001,4/12/2027 0:00,No
STDINV2228,ACCS-CRD-12WH,1,3.29,9.95,AARONFIT0001,4/12/2027 0:00,No
STDINV2228,ANSW-PAN-1450,1,50.25,109.95,AARONFIT0001,4/12/2027 0:00,No
STDINV2229,FAXX-CAN-9800,1,1197,2399.95,ADAMPARK0001,4/12/2027 0:00,No
STDINV2234,PHON-ATT-53RD,5,459.95,949.75,LEISURET0001,4/12/2027 0:00,No
STDINV2237,HDWR-ACC-0100,1,35000,70009.95,OFFICEDE0001,4/12/2027 0:00,No
STDINV2240,HDWR-SRG-0001,1,20.45,39.95,ASSOCIAT0001,4/12/2027 0:00,No
STDINV2240,HDWR-PNL-0001,1,303.85,609.95,ASSOCIAT0001,4/12/2027 0:00,No
STDINV2241,PHON-ATT-5354,2,231.7,479.9,LAWRENCE0001,4/12/2027 0:00,No
STDINV2245,HDWR-CIM-0001,1,3290.55,6589.95,METROPOL0001,4/12/2027 0:00,No
STDINV2246,ACCS-CRD-12WH,3,9.87,29.85,COMMUNIC0002,4/12/2027 0:00,No
STDINV2247,ACCS-RST-DXWH,4,18.2,39.8,COMMUNIC0001,4/12/2027 0:00,No
STDINV2248,SOFT-PHM-0001,1,34550,69109.95,VISIONIN0001,4/12/2027 0:00,No
STDINV2162,FAXX-CAN-9800,1,1197,2399.95,BLUEYOND0001,2/17/2026 0:00,No
STDINV2163,ACCS-CRD-12WH,1,3.29,9.95,ASTORSUI0001,2/17/2027 0:00,No
STDINV2164,FAXX-CAN-9800,1,1197,2399.95,PLAZAONE0001,2/18/2026 0:00,No
STDINV2165,ACCS-HDS-1EAR,2,77.18,159.9,VANCOUVE0001,2/18/2026 0:00,No
STDINV2166,ACCS-HDS-1EAR,4,154.36,319.8,AARONFIT0001,2/19/2026 0:00,No
STDINV2166,FAXX-CAN-9800,1,1197,2399.95,AARONFIT0001,2/19/2026 0:00,No
STDINV2167,FAXX-CAN-9800,1,1197,2399.95,PLAZAONE0001,2/20/2026 0:00,No
STDINV2168,FAXX-CAN-9800,1,2500,2399.95,CENTRALC0001,2/20/2026 0:00,No
STDINV2169,100XLG,4,222,239.8,MAGNIFIC0001,2/21/2026 0:00,No
STDINV2170,100XLG,1,55.5,59.95,METROPOL0001,2/22/2026 0:00,No
STDINV2171,HDWR-RNG-0001,1,669,1339.95,ASTORSUI0001,2/22/2026 0:00,No
STDINV2172,REPR-TWO-0002,5.5,0,192.23,PLAZAONE0001,2/22/2026 0:00,No
STDINV2173,PHON-ATT-53WH,1,92.59,189.95,HOLLINGC0001,2/23/2026 0:00,No
STDINV2174,ACCS-RST-DXWH,2,9.1,19.9,BREAKTHR0001,2/23/2026 0:00,No
STDINV2175,PHON-PAN-2315,4,111.92,239.8,HOLLINGC0001,2/24/2026 0:00,No
STDINV2176,PHON-ATT-53BL,2,187.1,379.9,AARONFIT0001,2/25/2026 0:00,No
STDINV2177,HDWR-PNL-0001,1,303.85,609.95,CONTOSOL0001,2/25/2026 0:00,No
STDINV2178,ANSW-PAN-1450,1,50.25,109.95,VANCOUVE0001,2/26/2026 0:00,No
STDINV2179,PHON-ATT-53WH,3,277.77,569.85,PLAZAONE0001,3/27/2026 0:00,No
STDINV2180,PHON-ATT-53RD,6,555.54,1139.7,CENTRALC0001,2/28/2026 0:00,No
STDINV2181,PHON-ATT-53BK,4,368.02,759.8,MAGNIFIC0001,2/28/2026 0:00,No
STDINV2182,FAXX-RIC-060E,2,958.1,1919.9,METROPOL0001,4/11/2027 0:00,No
STDINV2183,PHON-PAN-3155,3,178.5,359.85,MAHLERST0001,3/2/2026 0:00,No
STDINV2184,HDWR-CAB-0001,2,13767.17,27699.9,LAWRENCE0001,3/2/2026 0:00,No
STDINV2185,ANSW-PAN-1450,1,50.25,109.95,BLUEYOND0001,3/3/2027 0:00,No
STDINV2186,ACCS-RST-DXWH,5,22.75,49.75,ASTORSUI0001,3/3/2027 0:00,No
STDINV2187,ACCS-RST-DXBK,3,13.65,29.85,PLAZAONE0001,3/4/2027 0:00,No
STDINV2188,ACCS-CRD-12WH,2,6.58,19.9,VANCOUVE0001,3/4/2027 0:00,No
STDINV2189,PHON-PAN-3155,2,119,239.9,AARONFIT0001,3/4/2027 0:00,No
STDINV2190,ANSW-PAN-1450,2,100.5,219.9,AARONFIT0001,3/4/2027 0:00,No
STDINV2191,HDWR-SRG-0001,4,81.8,159.8,PLAZAONE0001,3/5/2027 0:00,No
STDINV2192,ACCS-CRD-25BK,1,5.98,19.95,CENTRALC0001,3/6/2027 0:00,No
STDINV2193,HDWR-RNG-0001,2,1338,2679.9,MAGNIFIC0001,3/7/2027 0:00,No
STDINV2194,PHON-ATT-53BK,3,276.75,569.85,METROPOL0001,3/8/2027 0:00,No
STDINV2195,HDWR-CAB-0001,3,20689.05,41549.85,ASTORSUI0001,3/9/2027 0:00,No
STDINV2196,PHON-ATT-53RD,4,370.36,759.8,MAHLERST0001,3/10/2027 0:00,No
STDINV2197,PHON-ATT-53BK,3,270.75,569.85,LAWRENCE0001,3/11/2027 0:00,No
STDINV2198,FAXX-RIC-060E,2,958.1,1919.9,BLUEYOND0001,3/11/2027 0:00,No
STDINV2199,PHON-PAN-3155,1,27.98,119.95,ASTORSUI0001,3/11/2027 0:00,No
STDINV2200,HDWR-CAB-0001,4,27687.52,55399.8,PLAZAONE0001,3/12/2027 0:00,No
STDINV2120,PHON-ATT-53WH,6,555.54,1139.7,AARONFIT0001,1/3/2027 0:00,No
STDINV2121,PHON-PAN-2315,4,111.92,239.8,ADVANCED0001,1/3/2027 0:00,No
STDINV2122,PHON-ATT-53WH,2,185.18,379.9,RIVERSID0001,1/4/2027 0:00,No
STDINV2123,FAXX-RIC-060E,1,479.05,959.95,AARONFIT0001,1/5/2027 0:00,No
STDINV2124,PHON-ATT-0712,5,179.45,399.75,AARONFIT0001,1/5/2027 0:00,No
STDINV2126,ANSW-PAN-2460,2,150.3,319.9,PLAZAONE0001,1/6/2027 0:00,No
STDINV2127,PHON-PAN-3155,3,83.94,359.85,LONDONBE0001,1/6/2027 0:00,No
STDINV2128,ACCS-CRD-25BK,2,11.96,39.9,MIDLANDC0001,1/7/2027 0:00,No
STDINV2129,PHON-ATT-53BL,2,187.1,379.9,AARONFIT0001,1/7/2027 0:00,No
STDINV2130,ACCS-CRD-12WH,5,16.45,49.75,AARONFIT0001,1/8/2027 0:00,No
STDINV2131,ACCS-RST-DXWH,5,22.75,49.75,AARONFIT0001,1/8/2027 0:00,No
STDINV2132,PHON-ATT-53WH,1,92.59,189.95,CONTOSOL0001,1/10/2027 0:00,No
STDINV2133,HDWR-PNL-0001,1,303.85,609.95,VANCOUVE0001,1/11/2027 0:00,No
STDINV2134,PHON-ATT-53BL,5,467.75,949.75,PLAZAONE0001,1/12/2027 0:00,No
STDINV2135,ACCS-CRD-12WH,3,9.87,29.85,CENTRALC0001,1/13/2027 0:00,No
STDINV2136,PHON-BUS-1250,2,331.7,719.9,MAGNIFIC0001,1/14/2027 0:00,No
STDINV2137,ACCS-CRD-12WH,3,9.87,29.85,METROPOL0001,1/15/2027 0:00,No
STDINV2138,HDWR-PRO-4862,2,5996.3,11999.9,MAHLERST0001,1/15/2027 0:00,No
STDINV2139,HDWR-PRO-4866,1,3379.25,6929.95,LAWRENCE0001,1/17/2027 0:00,No
STDINV2140,FAXX-SLK-0172,1,674.5,1349.95,BLUEYOND0001,1/18/2027 0:00,No
STDINV2141,ACCS-RST-DXBK,3,13.65,29.85,ASTORSUI0001,1/19/2027 0:00,No
STDINV2142,PHON-ATT-53BL,4,374.2,759.8,PLAZAONE0001,1/21/2027 0:00,No
STDINV2143,FAXX-CAN-9800,10,14000,28099.5,VANCOUVE0001,1/22/2027 0:00,No
STDINV2144,ANSW-ATT-1000,1,59.29,119.95,AARONFIT0001,1/23/2027 0:00,No
STDINV2145,ANSW-PAN-1450,1,50.25,109.95,AARONFIT0001,1/24/2027 0:00,No
STDINV2146,ANSW-ATT-1000,2,118.58,239.9,PLAZAONE0001,1/30/2027 0:00,No
STDINV2147,ACCS-CRD-12WH,5,16.45,49.75,METROPOL0001,2/2/2027 0:00,No
STDINV2148,ACCS-CRD-12WH,2,6.58,19.9,MAHLERST0001,2/3/2027 0:00,No
STDINV2149,ACCS-CRD-12WH,1,3.29,9.95,LAWRENCE0001,2/3/2027 0:00,No
STDINV2150,ACCS-CRD-12WH,2,6.58,19.9,BLUEYOND0001,2/3/2027 0:00,No
STDINV2151,ACCS-CRD-12WH,1,3.29,9.95,ASTORSUI0001,2/4/2027 0:00,No
STDINV2153,ACCS-CRD-12WH,1,3.29,9.95,PLAZAONE0001,2/5/2027 0:00,No
STDINV2154,ANSW-ATT-1000,1,59.29,119.95,CONTOSOL0001,2/8/2027 0:00,No
STDINV2155,FAXX-CAN-9800,1,1400,2809.95,VANCOUVE0001,2/9/2027 0:00,No
STDINV2156,FAXX-CAN-9800,1,1400,2809.95,PLAZAONE0001,2/9/2027 0:00,No
STDINV2157,FAXX-CAN-9800,2,2800,5619.9,CENTRALC0001,2/10/2027 0:00,No
STDINV2158,FAXX-CAN-9800,2,2800,5619.9,MAGNIFIC0001,2/11/2027 0:00,No
STDINV2159,FAXX-CAN-9800,1,1197,2399.95,METROPOL0001,2/16/2027 0:00,No
STDINV2160,FAXX-CAN-9800,1,1197,2399.95,MAHLERST0001,3/17/2026 0:00,No
STDINV2161,FAXX-CAN-9800,2,2394,4799.9,LAWRENCE0001,2/16/2027 0:00,No
STDINV2080,ACCS-RST-DXBK,3,13.65,29.85,PLAZAONE0001,3/4/2026 0:00,No
STDINV2081,ACCS-CRD-12WH,2,6.58,19.9,VANCOUVE0001,3/4/2026 0:00,No
STDINV2082,PHON-PAN-3155,2,55.96,239.9,AARONFIT0001,3/4/2026 0:00,No
STDINV2083,ANSW-PAN-1450,2,100.5,219.9,AARONFIT0001,3/4/2026 0:00,No
STDINV2084,HDWR-SRG-0001,4,81.8,159.8,PLAZAONE0001,3/5/2026 0:00,No
STDINV2085,ACCS-CRD-25BK,1,5.98,19.95,CENTRALC0001,3/6/2026 0:00,No
STDINV2086,HDWR-RNG-0001,2,1396.24,2679.9,MAGNIFIC0001,3/7/2026 0:00,No
STDINV2087,PHON-ATT-53BK,3,274.77,569.85,METROPOL0001,3/8/2026 0:00,No
STDINV2088,HDWR-CAB-0001,3,20765.64,41549.85,ASTORSUI0001,3/9/2026 0:00,No
STDINV2089,PHON-ATT-53RD,4,366.36,759.8,MAHLERST0001,3/10/2026 0:00,No
STDINV2090,PHON-ATT-53BK,3,274.77,569.85,LAWRENCE0001,3/11/2026 0:00,No
STDINV2091,FAXX-RIC-060E,2,958.1,1919.9,BLUEYOND0001,3/11/2026 0:00,No
STDINV2092,PHON-PAN-3155,1,27.98,119.95,ASTORSUI0001,3/11/2026 0:00,No
STDINV2093,HDWR-CAB-0001,4,27687.52,55399.8,PLAZAONE0001,3/12/2026 0:00,No
STDINV2094,ANSW-PAN-1450,3,150.75,329.85,VANCOUVE0001,3/13/2026 0:00,No
STDINV2095,ACCS-RST-DXWH,12,54.6,119.4,AARONFIT0001,3/14/2026 0:00,No
STDINV2096,ACCS-RST-DXBK,36,163.8,358.2,AARONFIT0001,3/14/2026 0:00,No
STDINV2097,ACCS-CRD-12WH,4,13.16,39.8,PLACEONE0001,3/15/2026 0:00,No
STDINV2098,PHON-PAN-3155,2,55.96,239.9,CENTRALC0001,3/16/2026 0:00,No
STDINV2099,ANSW-PAN-1450,10,502.5,1099.5,MAGNIFIC0001,3/17/2026 0:00,No
STDINV2100,HDWR-SRG-0001,4,81.8,159.8,METROPOL0001,3/17/2026 0:00,No
STDINV2101,ACCS-CRD-25BK,2,11.96,39.9,ASTORSUI0001,3/18/2026 0:00,No
STDINV2102,HDWR-RNG-0001,6,3940.62,8039.7,PLAZAONE0001,3/18/2026 0:00,No
STDINV2103,ACCS-HDS-1EAR,3,115.77,239.85,HOLLINGC0001,3/18/2026 0:00,No
STDINV2104,FAXX-CAN-9800,9,10773,21599.55,BREAKTHR0001,3/19/2026 0:00,No
STDINV2105,ACCS-HDS-1EAR,10,385.9,799.5,HOLLINGC0001,3/20/2026 0:00,No
STDINV2106,FAXX-CAN-9800,12,14364,28799.4,MAHLERST0001,3/21/2026 0:00,No
STDINV2107,FAXX-CAN-9800,2,2394,4799.9,LAWRENCE0001,3/22/2026 0:00,No
STDINV2108,100XLG,1,55.5,59.95,BLUEYOND0001,3/23/2026 0:00,No
STDINV2109,100XLG,8,444,479.6,ASTORSUI0001,3/24/2026 0:00,No
STDINV2110,HDWR-RNG-0001,1,669,1339.95,PLAZAONE0001,3/25/2026 0:00,No
STDINV2111,REPR-TWO-0002,12,0,419.4,VANCOUVE0001,3/26/2026 0:00,No
STDINV2112,PHON-ATT-53WH,1,92.59,189.95,AARONFIT0001,3/27/2026 0:00,No
STDINV2113,ACCS-RST-DXWH,4,18.2,39.8,AARONFIT0001,3/28/2026 0:00,No
STDINV2114,PHON-PAN-2315,6,171.42,359.7,PLAZAONE0001,3/29/2026 0:00,No
STDINV2115,PHON-ATT-53BK,3,277.77,569.85,AARONFIT0001,3/30/2026 0:00,No
STDINV2116,HDWR-PNL-0001,2,607.7,1219.9,BREAKTHR0001,3/31/2026 0:00,No
STDINV2117,ANSW-PAN-1450,1,50.25,109.95,HOLLINGC0001,3/31/2026 0:00,No
STDINV2118,HDWR-PNL-0001,5,1519.25,3049.75,CONTOSOL0001,1/1/2027 0:00,No
STDINV2119,PHON-ATT-53BK,6,555.54,1139.7,AMERICAN0001,1/2/2027 0:00,No
STDINV2039,ACCS-CRD-12WH,1,3.29,9.95,LAWRENCE0001,2/3/2026 0:00,No
STDINV2040,ACCS-CRD-12WH,2,6.58,19.9,BLUEYOND0001,2/3/2026 0:00,No
STDINV2041,ACCS-CRD-12WH,1,3.29,9.95,ASTORSUI0001,2/4/2026 0:00,No
STDINV2042,ACCS-CRD-12WH,1,3.29,9.95,PLAZAONE0001,2/5/2026 0:00,No
STDINV2043,100XLG,2,111,119.9,VANCOUVE0001,2/6/2026 0:00,No
STDINV2044,100XLG,5,277.5,299.75,AARONFIT0001,2/7/2026 0:00,No
STDINV2045,ANSW-ATT-1000,1,59.29,119.95,CONTOSOL0001,2/8/2026 0:00,No
STDINV2046,FAXX-CAN-9800,2,2394,4799.9,VANCOUVE0001,2/9/2026 0:00,No
STDINV2047,FAXX-CAN-9800,1,1197,2399.95,PLAZAONE0001,2/9/2026 0:00,No
STDINV2048,FAXX-CAN-9800,2,2394,4799.9,CENTRALC0001,2/10/2026 0:00,No
STDINV2049,FAXX-CAN-9800,2,2394,4799.9,MAGNIFIC0001,2/11/2026 0:00,No
STDINV2050,FAXX-CAN-9800,1,1197,2399.95,METROPOL0001,2/14/2026 0:00,No
STDINV2051,FAXX-CAN-9800,1,664.96,2399.95,MAHLERST0001,2/15/2026 0:00,No
STDINV2052,FAXX-CAN-9800,2,1329.92,4799.9,LAWRENCE0001,2/16/2026 0:00,No
STDINV2053,FAXX-CAN-9800,1,664.96,2399.95,BLUEYOND0001,2/17/2026 0:00,No
STDINV2054,ACCS-CRD-12WH,1,3.29,9.95,ASTORSUI0001,2/17/2026 0:00,No
STDINV2055,FAXX-CAN-9800,1,1197,2399.95,PLAZAONE0001,2/18/2026 0:00,No
STDINV2056,ACCS-HDS-1EAR,2,77.18,159.9,VANCOUVE0001,2/18/2026 0:00,No
STDINV2057,FAXX-CAN-9800,1,1197,2399.95,AARONFIT0001,2/19/2026 0:00,No
STDINV2058,ACCS-HDS-1EAR,4,154.36,319.8,AARONFIT0001,2/19/2026 0:00,No
STDINV2059,FAXX-CAN-9800,1,1197,2399.95,PLAZAONE0001,2/20/2026 0:00,No
STDINV2060,FAXX-CAN-9800,1,1197,2399.95,CENTRALC0001,2/20/2026 0:00,No
STDINV2061,100XLG,4,222,239.8,MAGNIFIC0001,2/21/2026 0:00,No
STDINV2062,100XLG,1,55.5,59.95,METROPOL0001,2/22/2026 0:00,No
STDINV2064,HDWR-RNG-0001,1,698.12,1339.95,ASTORSUI0001,2/22/2026 0:00,No
STDINV2065,REPR-TWO-0002,5.5,0,192.23,PLAZAONE0001,2/22/2026 0:00,No
STDINV2066,PHON-ATT-53WH,1,92.59,189.95,HOLLINGC0001,2/23/2026 0:00,No
STDINV2067,ACCS-RST-DXWH,2,9.1,19.9,BREAKTHR0001,2/23/2026 0:00,No
STDINV2068,PHON-PAN-2315,4,119,239.8,HOLLINGC0001,2/24/2026 0:00,No
STDINV2069,PHON-ATT-53BL,2,187.1,379.9,AARONFIT0001,2/25/2026 0:00,No
STDINV2070,HDWR-PNL-0001,1,301.54,609.95,CONTOSOL0001,2/25/2026 0:00,No
STDINV2071,ANSW-PAN-1450,1,50.25,109.95,VANCOUVE0001,2/26/2026 0:00,No
STDINV2072,PHON-ATT-53WH,3,272.64,569.85,PLAZAONE0001,2/27/2026 0:00,No
STDINV2073,PHON-ATT-53RD,6,549.54,1139.7,CENTRALC0001,2/28/2026 0:00,No
STDINV2074,PHON-ATT-53BK,4,366.36,759.8,MAGNIFIC0001,2/28/2026 0:00,No
STDINV2075,FAXX-RIC-060E,2,958.1,1919.9,METROPOL0001,3/1/2026 0:00,No
STDINV2076,PHON-PAN-3155,3,83.94,359.85,MAHLERST0001,3/2/2026 0:00,No
STDINV2077,HDWR-CAB-0001,2,13843.76,27699.9,LAWRENCE0001,3/2/2026 0:00,No
STDINV2078,ANSW-PAN-1450,1,50.25,109.95,BLUEYOND0001,3/3/2026 0:00,No
STDINV2079,ACCS-RST-DXWH,5,22.75,49.75,ASTORSUI0001,3/3/2026 0:00,No
QTEST1020,ACCS-HDS-2EAR,3,125.94,269.85,ADVANCED0002,7/8/2024 0:00,No
STDINV2000,HDWR-PNL-0001,5,1507.7,3049.75,CONTOSOL0001,1/1/2026 0:00,No
STDINV2001,PHON-ATT-53BL,6,555.54,1139.7,AMERICAN0001,1/2/2026 0:00,No
STDINV2002,PHON-ATT-53WH,6,555.54,1139.7,AARONFIT0001,1/3/2026 0:00,No
STDINV2003,PHON-PAN-2315,4,111.92,479.8,ADVANCED0001,1/3/2026 0:00,No
STDINV2004,PHON-ATT-53WH,2,185.18,379.9,RIVERSID0001,1/4/2026 0:00,No
STDINV2005,FAXX-RIC-060E,1,479.05,959.95,AARONFIT0001,1/5/2026 0:00,No
STDINV2006,PHON-ATT-0712,5,172.95,399.75,AARONFIT0001,1/5/2026 0:00,No
STDINV2007,ANSW-PAN-2460,2,150.3,299.9,PLAZAONE0001,1/6/2026 0:00,No
STDINV2008,PHON-PAN-3155,3,89.25,359.85,LONDONBE0001,1/6/2026 0:00,No
STDINV2009,ACCS-CRD-25BK,2,11.96,39.9,MIDLANDC0001,1/7/2026 0:00,No
STDINV2010,PHON-ATT-53BL,2,187.1,379.9,AARONFIT0001,1/7/2026 0:00,No
STDINV2011,ACCS-CRD-12WH,5,16.45,49.75,AARONFIT0001,1/8/2026 0:00,No
STDINV2012,ACCS-RST-DXWH,5,21.55,49.75,AARONFIT0001,1/8/2026 0:00,No
STDINV2013,FAXX-SLK-0172,1,674.5,1349.95,ISNINDUS0001,1/9/2026 0:00,No
STDINV2014,PHON-ATT-53WH,1,92.59,189.95,CONTOSOL0001,1/10/2026 0:00,No
STDINV2015,HDWR-PNL-0001,1,301.54,609.95,VANCOUVE0001,1/11/2026 0:00,No
STDINV2016,PHON-ATT-53BL,5,466.79,949.75,PLAZAONE0001,1/12/2026 0:00,No
STDINV2017,ACCS-CRD-12WH,3,9.87,29.85,CENTRALC0001,1/13/2026 0:00,No
STDINV2018,PHON-BUS-1250,2,331.7,719.9,MAGNIFIC0001,1/14/2026 0:00,No
STDINV2019,ACCS-CRD-12WH,3,9.87,29.85,METROPOL0001,1/15/2026 0:00,No
STDINV2020,HDWR-PRO-4862,2,6376.94,11999.9,MAHLERST0001,1/16/2026 0:00,No
STDINV2021,HDWR-PRO-4862,1,2998.15,5999.95,LAWRENCE0001,1/17/2026 0:00,No
STDINV2022,FAXX-SLK-0172,1,674.5,1349.95,BLUEYOND0001,1/18/2026 0:00,No
STDINV2023,ACCS-RST-DXBK,3,13.65,29.85,ASTORSUI0001,1/19/2026 0:00,No
STDINV2024,PHON-ATT-53BL,4,374.2,759.8,PLAZAONE0001,1/21/2026 0:00,No
STDINV2025,FAXX-CAN-9800,10,11970,23999.5,VANCOUVE0001,1/22/2026 0:00,No
STDINV2026,ANSW-ATT-1000,1,59.29,119.95,AARONFIT0001,1/23/2026 0:00,No
STDINV2027,ANSW-PAN-1450,1,50.25,109.95,AARONFIT0001,1/24/2026 0:00,No
STDINV2028,100XLG,10,555,599.5,ADAMPARK0001,1/25/2026 0:00,No
STDINV2029,100XLG,10,555,599.5,AARONFIT0001,1/26/2026 0:00,No
STDINV2030,100XLG,2,111,119.9,AARONFIT0001,1/27/2026 0:00,No
STDINV2031,100XLG,5,277.5,299.75,CONTOSOL0001,1/28/2026 0:00,No
STDINV2032,100XLG,1,55.5,59.95,VANCOUVE0001,1/29/2026 0:00,No
STDINV2033,ANSW-ATT-1000,2,118.58,239.9,PLAZAONE0001,1/30/2026 0:00,No
STDINV2034,100XLG,5,277.5,299.75,CENTRALC0001,1/31/2026 0:00,No
STDINV2035,100XLG,10,555,599.5,MAGNIFIC0001,2/1/2026 0:00,No
STDINV2036,ACCS-CRD-12WH,5,16.45,49.75,METROPOL0001,2/2/2026 0:00,No
STDINV2037,ACCS-CRD-12WH,2,6.58,19.9,MAHLERST0001,3/4/2026 0:00,No
STDINV2038,ACCS-CRD-12WH,2,6.58,19.9,MAHLERST0001,2/3/2026 0:00,No
ORDST2193,HDWR-CAB-0001,3,20765.64,41549.85,ASTORSUI0001,3/9/2027 0:00,No
ORDST2194,PHON-ATT-53RD,4,366.36,759.8,MAHLERST0001,3/10/2027 0:00,No
ORDST2195,PHON-ATT-53BK,3,270.75,569.85,LAWRENCE0001,3/11/2027 0:00,No
ORDST2196,FAXX-RIC-060E,2,958.1,1919.9,BLUEYOND0001,3/11/2027 0:00,No
ORDST2197,PHON-PAN-3155,1,59.5,119.95,ASTORSUI0001,3/11/2027 0:00,No
ORDST2198,HDWR-CAB-0001,4,27687.52,55399.8,PLAZAONE0001,3/12/2027 0:00,No
ORDST2199,ANSW-PAN-1450,3,150.75,329.85,VANCOUVE0001,3/13/2027 0:00,No
ORDST2200,ACCS-RST-DXWH,12,54.6,119.4,AARONFIT0001,3/14/2027 0:00,No
ORDST2201,ACCS-RST-DXBK,36,163.8,358.2,AARONFIT0001,3/14/2027 0:00,No
ORDST2202,ACCS-CRD-12WH,4,13.16,39.8,PLAZAONE0001,3/15/2027 0:00,No
ORDST2203,PHON-PAN-3155,2,119,239.9,CENTRALC0001,3/16/2027 0:00,No
ORDST2204,ANSW-PAN-1450,10,502.5,1099.5,MAGNIFIC0001,3/17/2027 0:00,No
ORDST2205,HDWR-SRG-0001,4,74.6,159.8,METROPOL0001,3/17/2027 0:00,No
ORDST2206,ACCS-CRD-25BK,2,11.96,39.9,ASTORSUI0001,3/18/2027 0:00,No
ORDST2207,HDWR-RNG-0001,6,4014,8039.7,PLAZAONE0001,3/18/2027 0:00,No
ORDST2208,ACCS-HDS-1EAR,3,115.77,239.85,HOLLINGC0001,3/18/2027 0:00,No
ORDST2209,FAXX-CAN-9800,9,10773,21599.55,BREAKTHR0001,3/19/2027 0:00,No
ORDST2210,ACCS-HDS-1EAR,10,385.9,799.5,HOLLINGC0001,3/20/2027 0:00,No
ORDST2211,FAXX-CAN-9800,12,14364,28799.4,MAHLERST0001,3/21/2027 0:00,No
ORDST2212,FAXX-CAN-9800,2,2394,4799.9,LAWRENCE0001,3/22/2027 0:00,No
ORDST2213,100XLG,1,55.5,59.95,BLUEYOND0001,3/23/2027 0:00,No
ORDST2214,100XLG,8,444,479.6,ASTORSUI0001,3/24/2027 0:00,No
ORDST2215,HDWR-RNG-0001,1,669,1339.95,PLAZAONE0001,3/25/2027 0:00,No
ORDST2216,REPR-TWO-0002,12,0,419.4,VANCOUVE0001,3/26/2027 0:00,No
ORDST2217,PHON-ATT-53WH,1,92.59,189.95,AARONFIT0001,3/27/2027 0:00,No
ORDST2218,ACCS-RST-DXWH,4,18.2,39.8,AARONFIT0001,3/28/2027 0:00,No
ORDST2219,PHON-PAN-2315,6,167.88,359.7,PLAZAONE0001,3/29/2027 0:00,No
ORDST2220,PHON-ATT-53BL,3,280.65,569.85,AARONFIT0001,3/30/2027 0:00,No
ORDST2221,HDWR-PNL-0001,2,607.7,1219.9,BREAKTHR0001,3/31/2027 0:00,No
ORDST2222,ANSW-PAN-1450,1,50.25,109.95,HOLLINGC0001,3/31/2027 0:00,No
QTE1002,ACCS-RST-DXBK,3,13.65,29.85,ASTORSUI0001,5/6/2024 0:00,No
QTERP1000,ASMB-LBR-0001,10,350,349.5,BAKERSEM0001,5/14/2024 0:00,No
QTEST1005,PHON-ATT-53BL,2,187.1,379.9,LECLERC0001,5/6/2024 0:00,No
QTEST1006,HDWR-PNL-0001,1,303.85,609.95,BOYLESCO0001,5/9/2024 0:00,No
QTEST1007,ACCS-CRD-12WH,3,9.87,29.85,CENTRALC0001,5/11/2024 0:00,No
QTEST1008,ACCS-RST-DXWH,4,18.2,39.8,BREAKTHR0001,5/11/2024 0:00,No
QTEST1009,ANSW-PAN-1450,1,50.25,109.95,CONTOSOL0001,5/15/2024 0:00,No
QTEST1017,PHON-PAN-3848,5,337.75,699.75,SINCLAIR0001,5/17/2024 0:00,No
QTEST1019,ANSW-ATT-1000,1,59.29,119.95,CASTLEIN0001,7/8/2024 0:00,No
QTEST1020,ACCS-CRD-25BK,1,5.98,19.95,ADVANCED0002,7/8/2024 0:00,No
ORDST2154,FAXX-CAN-9800,1,1400,2809.95,PLAZAONE0001,2/9/2027 0:00,No
ORDST2155,FAXX-CAN-9800,2,2800,5619.9,CENTRALC0001,2/10/2027 0:00,No
ORDST2156,FAXX-CAN-9800,2,2800,5619.9,MAGNIFIC0001,2/11/2027 0:00,No
ORDST2157,FAXX-CAN-9800,1,1197,2399.95,METROPOL0001,2/14/2027 0:00,No
ORDST2158,FAXX-CAN-9800,1,1197,2399.95,MAHLERST0001,2/15/2027 0:00,No
ORDST2159,FAXX-CAN-9800,2,2394,4799.9,LAWRENCE0001,2/16/2027 0:00,No
ORDST2160,FAXX-CAN-9800,1,1197,2399.95,BLUEYOND0001,2/17/2026 0:00,No
ORDST2161,ACCS-CRD-12WH,1,3.29,9.95,ASTORSUI0001,2/17/2027 0:00,No
ORDST2162,FAXX-CAN-9800,1,1197,2399.95,PLAZAONE0001,2/18/2026 0:00,No
ORDST2163,ACCS-HDS-1EAR,2,77.18,159.9,VANCOUVE0001,2/18/2026 0:00,No
ORDST2164,ACCS-HDS-1EAR,4,154.36,319.8,AARONFIT0001,2/19/2026 0:00,No
ORDST2164,FAXX-CAN-9800,1,1197,2399.95,AARONFIT0001,2/19/2026 0:00,No
ORDST2165,FAXX-CAN-9800,1,1197,2399.95,PLAZAONE0001,2/20/2026 0:00,No
ORDST2166,FAXX-CAN-9800,1,1197,2399.95,CENTRALC0001,2/20/2026 0:00,No
ORDST2167,100XLG,4,222,239.8,MAGNIFIC0001,2/21/2026 0:00,No
ORDST2168,100XLG,1,55.5,59.95,METROPOL0001,2/22/2026 0:00,No
ORDST2169,HDWR-RNG-0001,1,669,1339.95,ASTORSUI0001,2/22/2026 0:00,No
ORDST2170,REPR-TWO-0002,5.5,0,192.23,PLAZAONE0001,2/22/2026 0:00,No
ORDST2171,PHON-ATT-53WH,1,92.59,189.95,HOLLINGC0001,2/23/2026 0:00,No
ORDST2172,ACCS-RST-DXWH,2,9.1,19.9,BREAKTHR0001,2/23/2026 0:00,No
ORDST2173,PHON-PAN-2315,4,111.92,239.8,HOLLINGC0001,2/24/2026 0:00,No
ORDST2174,PHON-ATT-53BL,2,187.1,379.9,AARONFIT0001,2/25/2026 0:00,No
ORDST2175,HDWR-PNL-0001,1,303.85,609.95,CONTOSOL0001,2/25/2026 0:00,No
ORDST2176,ANSW-PAN-1450,1,50.25,109.95,VANCOUVE0001,2/26/2026 0:00,No
ORDST2177,PHON-ATT-53WH,3,277.77,569.85,PLAZAONE0001,2/27/2026 0:00,No
ORDST2178,PHON-ATT-53RD,6,549.54,1139.7,CENTRALC0001,2/28/2026 0:00,No
ORDST2179,PHON-ATT-53BK,4,361,759.8,MAGNIFIC0001,2/28/2026 0:00,No
ORDST2180,FAXX-RIC-060E,2,958.1,1919.9,METROPOL0001,3/1/2026 0:00,No
ORDST2181,PHON-PAN-3155,3,178.5,359.85,MAHLERST0001,3/2/2026 0:00,No
ORDST2182,HDWR-CAB-0001,2,13843.76,27699.9,LAWRENCE0001,3/2/2026 0:00,No
ORDST2183,ANSW-PAN-1450,1,50.25,109.95,BLUEYOND0001,3/3/2027 0:00,No
ORDST2184,ACCS-RST-DXWH,5,22.75,49.75,ASTORSUI0001,3/3/2027 0:00,No
ORDST2185,ACCS-RST-DXBK,3,13.65,29.85,PLAZAONE0001,3/4/2027 0:00,No
ORDST2186,ACCS-CRD-12WH,2,6.58,19.9,VANCOUVE0001,3/4/2027 0:00,No
ORDST2187,PHON-PAN-3155,2,119,239.9,AARONFIT0001,3/4/2027 0:00,No
ORDST2188,ANSW-PAN-1450,2,100.5,219.9,AARONFIT0001,3/4/2027 0:00,No
ORDST2189,HDWR-SRG-0001,4,74.6,159.8,PLAZAONE0001,3/5/2027 0:00,No
ORDST2190,ACCS-CRD-25BK,1,5.98,19.95,CENTRALC0001,3/6/2027 0:00,No
ORDST2191,HDWR-RNG-0001,2,1338,2679.9,MAGNIFIC0001,3/7/2027 0:00,No
ORDST2192,PHON-ATT-53BK,3,270.75,569.85,METROPOL0001,3/8/2027 0:00,No
ORDST2113,PHON-PAN-2315,6,167.88,359.7,PLAZAONE0001,3/29/2026 0:00,No
ORDST2114,PHON-ATT-53BK,3,270.75,569.85,AARONFIT0001,3/30/2026 0:00,No
ORDST2115,HDWR-PNL-0001,2,607.7,1219.9,BREAKTHR0001,3/31/2026 0:00,No
ORDST2116,ANSW-PAN-1450,1,50.25,109.95,HOLLINGC0001,3/31/2026 0:00,No
ORDST2117,HDWR-PNL-0001,5,1519.25,3049.75,CONTOSOL0001,1/1/2027 0:00,No
ORDST2118,PHON-ATT-53BK,6,541.5,1139.7,AMERICAN0001,1/2/2027 0:00,No
ORDST2119,PHON-ATT-53WH,6,555.54,1139.7,AARONFIT0001,1/3/2027 0:00,No
ORDST2120,PHON-PAN-2315,4,111.92,239.8,ADVANCED0001,1/3/2027 0:00,No
ORDST2121,PHON-ATT-53WH,2,185.18,379.9,RIVERSID0001,1/4/2027 0:00,No
ORDST2122,FAXX-RIC-060E,1,479.05,959.95,AARONFIT0001,1/5/2027 0:00,No
ORDST2123,PHON-ATT-0712,5,179.45,399.75,AARONFIT0001,1/5/2027 0:00,No
ORDST2125,ANSW-PAN-2460,2,150.3,319.9,PLAZAONE0001,1/6/2027 0:00,No
ORDST2126,PHON-PAN-3155,3,178.5,359.85,LONDONBE0001,1/6/2027 0:00,No
ORDST2127,ACCS-CRD-25BK,2,11.96,39.9,MIDLANDC0001,1/7/2027 0:00,No
ORDST2128,PHON-ATT-53BL,2,187.1,379.9,AARONFIT0001,1/7/2027 0:00,No
ORDST2129,ACCS-CRD-12WH,5,16.45,49.75,AARONFIT0001,1/8/2027 0:00,No
ORDST2130,ACCS-RST-DXWH,5,22.75,49.75,AARONFIT0001,1/8/2027 0:00,No
ORDST2131,PHON-ATT-53WH,1,92.59,189.95,CONTOSOL0001,1/10/2027 0:00,No
ORDST2132,HDWR-PNL-0001,1,303.85,609.95,VANCOUVE0001,1/11/2027 0:00,No
ORDST2133,PHON-ATT-53BL,5,467.75,949.75,PLAZAONE0001,1/12/2027 0:00,No
ORDST2134,ACCS-CRD-12WH,3,9.87,29.85,CENTRALC0001,1/13/2027 0:00,No
ORDST2135,PHON-BUS-1250,2,359.7,719.9,MAGNIFIC0001,1/14/2027 0:00,No
ORDST2136,ACCS-CRD-12WH,3,9.87,29.85,METROPOL0001,1/15/2027 0:00,No
ORDST2137,HDWR-PRO-4862,2,5996.3,11999.9,MAHLERST0001,1/15/2027 0:00,No
ORDST2138,HDWR-PRO-4866,1,3463.73,6929.95,LAWRENCE0001,1/17/2027 0:00,No
ORDST2139,FAXX-SLK-0172,1,674.5,1349.95,BLUEYOND0001,1/18/2027 0:00,No
ORDST2140,ACCS-RST-DXBK,3,13.65,29.85,ASTORSUI0001,1/19/2027 0:00,No
ORDST2141,PHON-ATT-53BL,4,374.2,759.8,PLAZAONE0001,1/21/2027 0:00,No
ORDST2142,FAXX-CAN-9800,10,14000,28099.5,VANCOUVE0001,1/22/2027 0:00,No
ORDST2143,ANSW-ATT-1000,1,59.29,119.95,AARONFIT0001,1/23/2027 0:00,No
ORDST2144,ANSW-PAN-1450,1,50.25,109.95,AARONFIT0001,1/24/2027 0:00,No
ORDST2145,ANSW-ATT-1000,2,118.58,239.9,PLAZAONE0001,1/30/2027 0:00,No
ORDST2146,ACCS-CRD-12WH,5,16.45,49.75,METROPOL0001,2/2/2027 0:00,No
ORDST2147,ACCS-CRD-12WH,2,6.58,19.9,MAHLERST0001,2/3/2027 0:00,No
ORDST2148,ACCS-CRD-12WH,1,3.29,9.95,LAWRENCE0001,2/3/2027 0:00,No
ORDST2149,ACCS-CRD-12WH,2,6.58,19.9,BLUEYOND0001,2/3/2027 0:00,No
ORDST2150,ACCS-CRD-12WH,1,3.29,9.95,ASTORSUI0001,2/4/2027 0:00,No
ORDST2151,ACCS-CRD-12WH,1,3.29,9.95,PLAZAONE0001,2/5/2027 0:00,No
ORDST2152,ANSW-ATT-1000,1,59.29,119.95,CONTOSOL0001,2/8/2027 0:00,No
ORDST2153,FAXX-CAN-9800,1,1400,2809.95,VANCOUVE0001,2/9/2027 0:00,No
ORDST2073,PHON-ATT-53BK,4,361,759.8,MAGNIFIC0001,2/28/2026 0:00,No
ORDST2074,FAXX-RIC-060E,2,958.1,1919.9,METROPOL0001,3/1/2026 0:00,No
ORDST2075,PHON-PAN-3155,3,178.5,359.85,MAHLERST0001,3/2/2026 0:00,No
ORDST2076,HDWR-CAB-0001,2,13843.76,27699.9,LAWRENCE0001,3/2/2026 0:00,No
ORDST2077,ANSW-PAN-1450,1,50.25,109.95,BLUEYOND0001,3/3/2026 0:00,No
ORDST2078,ACCS-RST-DXWH,5,22.75,49.75,ASTORSUI0001,3/3/2026 0:00,No
ORDST2079,ACCS-RST-DXBK,3,13.65,29.85,PLAZAONE0001,3/4/2026 0:00,No
ORDST2080,ACCS-CRD-12WH,2,6.58,19.9,VANCOUVE0001,3/4/2026 0:00,No
ORDST2081,PHON-PAN-3155,2,119,239.9,AARONFIT0001,3/4/2026 0:00,No
ORDST2082,ANSW-PAN-1450,2,100.5,219.9,AARONFIT0001,3/4/2026 0:00,No
ORDST2083,HDWR-SRG-0001,4,74.6,159.8,PLAZAONE0001,3/5/2026 0:00,No
ORDST2084,ACCS-CRD-25BK,1,5.98,19.95,CENTRALC0001,3/6/2026 0:00,No
ORDST2085,HDWR-RNG-0001,2,1338,2679.9,MAGNIFIC0001,3/7/2026 0:00,No
ORDST2086,PHON-ATT-53BK,3,270.75,569.85,METROPOL0001,3/8/2026 0:00,No
ORDST2087,HDWR-CAB-0001,3,20765.64,41549.85,ASTORSUI0001,3/9/2026 0:00,No
ORDST2088,PHON-ATT-53RD,4,366.36,759.8,MAHLERST0001,3/10/2026 0:00,No
ORDST2089,PHON-ATT-53BK,3,270.75,569.85,LAWRENCE0001,3/11/2026 0:00,No
ORDST2090,FAXX-RIC-060E,2,958.1,1919.9,BLUEYOND0001,3/11/2026 0:00,No
ORDST2091,PHON-PAN-3155,1,59.5,119.95,ASTORSUI0001,3/11/2026 0:00,No
ORDST2092,HDWR-CAB-0001,4,27687.52,55399.8,PLAZAONE0001,3/12/2026 0:00,No
ORDST2093,ANSW-PAN-1450,3,150.75,329.85,VANCOUVE0001,3/13/2026 0:00,No
ORDST2094,ACCS-RST-DXWH,12,54.6,119.4,AARONFIT0001,3/14/2026 0:00,No
ORDST2095,ACCS-RST-DXBK,36,163.8,358.2,AARONFIT0001,3/14/2026 0:00,No
ORDST2096,ACCS-CRD-12WH,4,13.16,39.8,PLACEONE0001,3/15/2026 0:00,No
ORDST2097,PHON-PAN-3155,2,119,239.9,CENTRALC0001,3/16/2026 0:00,No
ORDST2098,ANSW-PAN-1450,10,502.5,1099.5,MAGNIFIC0001,3/17/2026 0:00,No
ORDST2099,HDWR-SRG-0001,4,74.6,159.8,METROPOL0001,3/17/2026 0:00,No
ORDST2100,ACCS-CRD-25BK,2,11.96,39.9,ASTORSUI0001,3/18/2026 0:00,No
ORDST2101,HDWR-RNG-0001,6,4014,8039.7,PLAZAONE0001,3/18/2026 0:00,No
ORDST2102,ACCS-HDS-1EAR,3,115.77,239.85,HOLLINGC0001,3/18/2026 0:00,No
ORDST2103,FAXX-CAN-9800,9,10773,21599.55,BREAKTHR0001,3/19/2026 0:00,No
ORDST2104,ACCS-HDS-1EAR,10,385.9,799.5,HOLLINGC0001,3/20/2026 0:00,No
ORDST2105,FAXX-CAN-9800,12,14364,28799.4,MAHLERST0001,3/21/2026 0:00,No
ORDST2106,FAXX-CAN-9800,2,2394,4799.9,LAWRENCE0001,3/22/2026 0:00,No
ORDST2107,100XLG,1,55.5,59.95,BLUEYOND0001,3/23/2026 0:00,No
ORDST2108,100XLG,8,444,479.6,ASTORSUI0001,3/24/2026 0:00,No
ORDST2109,HDWR-RNG-0001,1,669,1339.95,PLAZAONE0001,3/25/2026 0:00,No
ORDST2110,REPR-TWO-0002,12,0,419.4,VANCOUVE0001,3/26/2026 0:00,No
ORDST2111,PHON-ATT-53WH,1,92.59,189.95,AARONFIT0001,3/27/2026 0:00,No
ORDST2112,ACCS-RST-DXWH,4,18.2,39.8,AARONFIT0001,3/28/2026 0:00,No
ORDST2032,100XLG,1,55.5,59.95,VANCOUVE0001,1/29/2026 0:00,No
ORDST2033,ANSW-ATT-1000,2,118.58,239.9,PLAZAONE0001,1/30/2026 0:00,No
ORDST2034,100XLG,5,277.5,299.75,CENTRALC0001,1/31/2026 0:00,No
ORDST2035,100XLG,10,555,599.5,MAGNIFIC0001,2/1/2026 0:00,No
ORDST2036,ACCS-CRD-12WH,5,16.45,49.75,METROPOL0001,2/2/2026 0:00,No
ORDST2037,ACCS-CRD-12WH,2,6.58,19.9,MAHLERST0001,2/3/2026 0:00,No
ORDST2038,ACCS-CRD-12WH,1,3.29,9.95,LAWRENCE0001,2/3/2026 0:00,No
ORDST2039,ACCS-CRD-12WH,2,6.58,19.9,BLUEYOND0001,2/3/2026 0:00,No
ORDST2040,ACCS-CRD-12WH,1,3.29,9.95,ASTORSUI0001,2/4/2026 0:00,No
ORDST2041,ACCS-CRD-12WH,1,3.29,9.95,PLAZAONE0001,2/5/2026 0:00,No
ORDST2042,100XLG,2,111,119.9,VANCOUVE0001,2/6/2026 0:00,No
ORDST2043,100XLG,5,277.5,299.75,AARONFIT0001,2/7/2026 0:00,No
ORDST2044,ANSW-ATT-1000,1,59.29,119.95,CONTOSOL0001,2/8/2026 0:00,No
ORDST2045,FAXX-CAN-9800,2,2394,4799.9,VANCOUVE0001,2/9/2026 0:00,No
ORDST2046,FAXX-CAN-9800,1,1197,2399.95,PLAZAONE0001,2/9/2026 0:00,No
ORDST2047,FAXX-CAN-9800,2,2394,4799.9,CENTRALC0001,2/10/2026 0:00,No
ORDST2048,FAXX-CAN-9800,2,2394,4799.9,MAGNIFIC0001,2/11/2026 0:00,No
ORDST2049,FAXX-CAN-9800,1,1197,2399.95,METROPOL0001,2/14/2026 0:00,No
ORDST2050,FAXX-CAN-9800,1,1197,2399.95,MAHLERST0001,2/15/2026 0:00,No
ORDST2051,FAXX-CAN-9800,2,2394,4799.9,LAWRENCE0001,2/16/2026 0:00,No
ORDST2052,FAXX-CAN-9800,1,1197,2399.95,BLUEYOND0001,2/17/2026 0:00,No
ORDST2053,ACCS-CRD-12WH,1,3.29,9.95,ASTORSUI0001,2/17/2026 0:00,No
ORDST2054,FAXX-CAN-9800,1,1197,2399.95,PLAZAONE0001,2/18/2026 0:00,No
ORDST2055,ACCS-HDS-1EAR,2,77.18,159.9,VANCOUVE0001,2/18/2026 0:00,No
ORDST2056,FAXX-CAN-9800,1,1197,2399.95,AARONFIT0001,2/19/2026 0:00,No
ORDST2057,ACCS-HDS-1EAR,4,154.36,319.8,AARONFIT0001,2/19/2026 0:00,No
ORDST2058,FAXX-CAN-9800,1,1197,2399.95,PLAZAONE0001,2/20/2026 0:00,No
ORDST2059,FAXX-CAN-9800,1,1197,2399.95,CENTRALC0001,2/20/2026 0:00,No
ORDST2060,100XLG,4,222,239.8,MAGNIFIC0001,2/21/2026 0:00,No
ORDST2061,100XLG,1,55.5,59.95,METROPOL0001,2/22/2026 0:00,No
ORDST2063,HDWR-RNG-0001,1,669,1339.95,ASTORSUI0001,2/22/2026 0:00,No
ORDST2064,REPR-TWO-0002,5.5,0,192.23,PLAZAONE0001,2/22/2026 0:00,No
ORDST2065,PHON-ATT-53WH,1,92.59,189.95,HOLLINGC0001,2/23/2026 0:00,No
ORDST2066,ACCS-RST-DXWH,2,9.1,19.9,BREAKTHR0001,2/23/2026 0:00,No
ORDST2067,PHON-PAN-2315,4,111.92,239.8,HOLLINGC0001,2/24/2026 0:00,No
ORDST2068,PHON-ATT-53BL,2,187.1,379.9,AARONFIT0001,2/25/2026 0:00,No
ORDST2069,HDWR-PNL-0001,1,303.85,609.95,CONTOSOL0001,2/25/2026 0:00,No
ORDST2070,ANSW-PAN-1450,1,50.25,109.95,VANCOUVE0001,2/26/2026 0:00,No
ORDST2071,PHON-ATT-53WH,3,277.77,569.85,PLAZAONE0001,2/27/2026 0:00,No
ORDST2072,PHON-ATT-53RD,6,549.54,1139.7,CENTRALC0001,2/28/2026 0:00,No
ORDST1024,ACCS-RST-DXWH,3,13.65,29.85,ADAMPARK0001,5/8/2025 0:00,No
ORDST1024,ACCS-HDS-2EAR,1,41.98,89.95,ADAMPARK0001,5/8/2025 0:00,No
ORDST1025,ACCS-CRD-25BK,1,5.98,19.95,BAKERSEM0001,5/8/2025 0:00,No
ORDST1025,PHON-GTE-3458,4,0,39.8,BAKERSEM0001,5/8/2025 0:00,No
ORDST1025,FAXX-SLK-2100,5,4395.25,8799.75,BAKERSEM0001,5/8/2025 0:00,No
ORDST1026,FAXX-SLK-2100,3,2637.15,5279.85,AARONFIT0001,5/8/2025 0:00,No
ORDST1026,ACCS-RST-DXWH,5,22.75,49.75,AARONFIT0001,5/8/2025 0:00,No
ORDST1026,ACCS-HDS-1EAR,2,77.18,159.9,AARONFIT0001,5/8/2025 0:00,No
ORDST2000,HDWR-PNL-0001,5,1519.25,3049.75,CONTOSOL0001,1/1/2026 0:00,No
ORDST2001,PHON-ATT-53BL,6,561.3,1139.7,AMERICAN0001,1/2/2026 0:00,No
ORDST2002,PHON-ATT-53WH,6,555.54,1139.7,AARONFIT0001,1/3/2026 0:00,No
ORDST2003,PHON-PAN-2315,4,111.92,479.8,ADVANCED0001,1/3/2026 0:00,No
ORDST2004,PHON-ATT-53WH,2,185.18,379.9,RIVERSID0001,1/4/2026 0:00,No
ORDST2005,FAXX-RIC-060E,1,479.05,959.95,AARONFIT0001,1/5/2026 0:00,No
ORDST2006,PHON-ATT-0712,5,179.45,399.75,AARONFIT0001,1/5/2026 0:00,No
ORDST2007,ANSW-PAN-2460,2,150.3,299.9,PLAZAONE0001,1/6/2026 0:00,No
ORDST2008,PHON-PAN-3155,3,178.5,359.85,LONDONBE0001,1/6/2026 0:00,No
ORDST2009,ACCS-CRD-25BK,2,11.96,39.9,MIDLANDC0001,1/7/2026 0:00,No
ORDST2010,PHON-ATT-53BL,2,187.1,379.9,AARONFIT0001,1/7/2026 0:00,No
ORDST2011,ACCS-CRD-12WH,5,16.45,49.75,AARONFIT0001,1/8/2026 0:00,No
ORDST2012,ACCS-RST-DXWH,5,22.75,49.75,AARONFIT0001,1/8/2026 0:00,No
ORDST2013,FAXX-SLK-0172,1,674.5,1349.95,ISNINDUS0001,1/9/2026 0:00,No
ORDST2014,PHON-ATT-53WH,1,92.59,189.95,CONTOSOL0001,1/10/2026 0:00,No
ORDST2015,HDWR-PNL-0001,1,303.85,609.95,VANCOUVE0001,1/11/2026 0:00,No
ORDST2016,PHON-ATT-53BL,5,467.75,949.75,PLAZAONE0001,1/12/2026 0:00,No
ORDST2017,ACCS-CRD-12WH,3,9.87,29.85,CENTRALC0001,1/13/2026 0:00,No
ORDST2018,PHON-BUS-1250,2,359.7,719.9,MAGNIFIC0001,1/14/2026 0:00,No
ORDST2019,ACCS-CRD-12WH,3,9.87,29.85,METROPOL0001,1/15/2026 0:00,No
ORDST2020,HDWR-PRO-4862,2,5996.3,11999.9,MAHLERST0001,1/16/2026 0:00,No
ORDST2021,HDWR-PRO-4862,1,2998.15,5999.95,LAWRENCE0001,1/17/2026 0:00,No
ORDST2022,FAXX-SLK-0172,1,674.5,1349.95,BLUEYOND0001,1/18/2026 0:00,No
ORDST2023,ACCS-RST-DXBK,3,13.65,29.85,ASTORSUI0001,1/19/2026 0:00,No
ORDST2024,PHON-ATT-53BL,4,374.2,759.8,PLAZAONE0001,1/21/2026 0:00,No
ORDST2025,FAXX-CAN-9800,10,11970,23999.5,VANCOUVE0001,1/22/2026 0:00,No
ORDST2026,ANSW-ATT-1000,1,59.29,119.95,AARONFIT0001,1/23/2026 0:00,No
ORDST2027,ANSW-PAN-1450,1,50.25,109.95,AARONFIT0001,1/24/2026 0:00,No
ORDST2028,100XLG,10,555,599.5,ADAMPARK0001,1/25/2026 0:00,No
ORDST2029,100XLG,10,555,599.5,AARONFIT0001,1/26/2026 0:00,No
ORDST2030,100XLG,2,111,119.9,AARONFIT0001,1/27/2026 0:00,No
ORDST2031,100XLG,5,277.5,299.75,CONTOSOL0001,1/28/2026 0:00,No
ORD1008,ANSW-PAN-1450,1,50.25,109.95,AARONFIT0001,9/11/2026 0:00,No
ORD1009,FAXX-CAN-9800,1,1197,2399.95,ADAMPARK0001,9/11/2026 0:00,No
ORDPH1001,SOFT-PHM-0001,1,34550,69109.95,CONTOSOL0001,5/4/2024 0:00,No
ORDPH1002,TRAN-STR-N394,5,49.05,99.75,WESTCENT0001,5/17/2024 0:00,No
ORDPH1003,PHON-ATT-0712,1,35.89,79.95,CENTRALI0001,5/16/2024 0:00,No
ORDPH1003,PHSY-STD-0001,1,5072.3,10149.95,CENTRALI0001,5/16/2024 0:00,No
ORDPH1003,ACCS-HDS-2EAR,10,419.8,0,CENTRALI0001,5/16/2024 0:00,No
ORDPH1003,PHON-BUS-1250,10,1798.5,0,CENTRALI0001,5/16/2024 0:00,No
ORDPH1003,WIRE-MCD-0001,100,54,0,CENTRALI0001,5/16/2024 0:00,No
ORDPH1003,ASMB-LBR-0001,80,2800,0,CENTRALI0001,5/16/2024 0:00,No
ORDPH1004,HDWR-SRG-0001,1,18.65,39.95,MIDLANDC0001,5/22/2024 0:00,No
ORDPH1005,PHON-ATT-53BL,2,187.1,379.9,LECLERC0001,5/10/2024 0:00,No
ORDPH1006,HDWR-PNL-0001,1,303.85,609.95,BOYLESCO0001,5/10/2024 0:00,No
ORDPH1007,ANSW-PAN-1450,1,50.25,109.95,CONTOSOL0001,5/10/2024 0:00,No
ORDRP1000,HDWR-SRG-0001,1,18.65,39.95,ATMORERE0001,5/24/2024 0:00,No
ORDSPEC1000,ANSW-ATT-1000,1,59.29,119.95,COMPUTER0001,5/26/2024 0:00,No
ORDSPEC1001,HDWR-SRG-0001,2,37.3,79.9,COUNTRYV0001,5/19/2024 0:00,No
ORDST1002,HDWR-SRG-0001,1,18.65,39.95,ASSOCIAT0001,4/28/2024 0:00,No
ORDST1002,HDWR-PNL-0001,1,303.85,609.95,ASSOCIAT0001,4/28/2024 0:00,No
ORDST1008,HDWR-PRO-4862,1,2998.15,5999.95,MAHLERST0001,5/10/2024 0:00,No
ORDST1009,WIRE-SCD-0001,25,4,8.75,LAWRENCE0001,5/11/2024 0:00,No
ORDST1010,FAXX-SLK-0172,1,674.5,1349.95,BLUEYOND0001,5/13/2024 0:00,No
ORDST1011,PHON-ATT-5354,2,231.7,479.9,LAWRENCE0001,5/20/2024 0:00,No
ORDST1012,PHON-SNY-1250,2,178,359.9,WESTSIDE0001,5/27/2024 0:00,No
ORDST1013,ANSW-PAN-1450,1,50.25,109.95,COMMUNIC0001,5/19/2024 0:00,No
ORDST1013,ACCS-RST-DXWH,9,40.95,89.55,COMMUNIC0001,5/19/2024 0:00,No
ORDST1014,PHON-ATT-53RD,1,91.59,189.95,LASERMES0001,5/19/2024 0:00,No
ORDST1014,PHON-GTE-6000,1,149.95,295.65,LASERMES0001,5/19/2024 0:00,No
ORDST1015,HDWR-CIM-0001,1,3290.55,6589.95,METROPOL0001,5/28/2024 0:00,No
ORDST1016,ASMB-LBR-0001,10,350,349.5,BAKERSEM0001,5/10/2024 0:00,No
ORDST1017,PHON-ATT-53RD,50,4579.5,9497.5,LEISURET0001,5/22/2024 0:00,No
ORDST1018,ANSW-ATT-1000,1,59.29,119.95,COUNTRYV0001,7/8/2024 0:00,No
ORDST1018,ACCS-RST-DXBK,4,18.2,39.79,COUNTRYV0001,7/8/2024 0:00,No
ORDST1019,ACCS-HDS-1EAR,2,77.18,159.91,ADVANCED0002,7/8/2024 0:00,No
ORDST1019,ACCS-HDS-2EAR,1,41.98,89.95,ADVANCED0002,7/8/2024 0:00,No
ORDST1020,ANSW-ATT-1000,1,59.29,119.95,DOLLISCO0001,7/8/2024 0:00,No
ORDST1021,ANSW-ATT-1000,1,59.29,119.95,LONDONBE0001,7/8/2024 0:00,No
ORDST1022,ANSW-ATT-1000,1,59.29,119.95,CASTLEIN0001,7/7/2024 0:00,No
ORDST1023,ACCS-CRD-25BK,1,5.98,19.95,ADVANCED0002,7/7/2024 0:00,No
ORDST1023,ACCS-HDS-2EAR,3,125.94,269.85,ADVANCED0002,7/7/2024 0:00,No
INVS3000,3-C2924A,1,90,174.38,CELLULAR0001,9/6/2028 0:00,No
INVS3000,3-D2657A,1,5,6,CELLULAR0001,9/6/2028 0:00,No
INVS3000,3-D2659A,1,5,6,CELLULAR0001,9/6/2028 0:00,No
INVS3004,5-FEE,1,8,100,COUNTRYV0001,9/6/2028 0:00,No
INVS3004,5-FEE,1,8,100,COUNTRYV0001,9/6/2028 0:00,No
RMA002000,4-A3666A,1,1250,1600,COMPUTER0003,8/31/2027 0:00,No
RMA002000,3-B3813A,2,100,120,COMPUTER0003,8/31/2027 0:00,No
INVS3005,3-C2924A,1,90,174.38,DOLLISCO0001,9/6/2028 0:00,No
INVS3005,3-D2657A,1,5,6,DOLLISCO0001,9/6/2028 0:00,No
INVS3005,3-D2659A,1,5,6,DOLLISCO0001,9/6/2028 0:00,No
INVS3005,5-STDLABOR,2,150,500,DOLLISCO0001,9/6/2028 0:00,No
INVS3005,5-STDLABOR,0.5,37.5,125,DOLLISCO0001,9/6/2028 0:00,No
INVS3005,5-TVLLABOR,0.5,25,37.5,DOLLISCO0001,9/6/2028 0:00,No
INVS3005,5-OVTLABOR,1,137.5,250,DOLLISCO0001,9/6/2028 0:00,No
INVS3005,5-FEE,1,8,100,DOLLISCO0001,9/6/2028 0:00,No
INVS3005,5-FEE,1,8,115,DOLLISCO0001,9/6/2028 0:00,No
INVS3006,3-C2924A,1,90,0,HOMEFURN0001,9/6/2028 0:00,No
INVS3006,3-D2657A,1,5,0,HOMEFURN0001,9/6/2028 0:00,No
INVS3006,3-D2659A,1,5,0,HOMEFURN0001,9/6/2028 0:00,No
INVS3006,5-STDLABOR,2,150,0,HOMEFURN0001,9/6/2028 0:00,No
INVS3006,5-STDLABOR,0.5,37.5,0,HOMEFURN0001,9/6/2028 0:00,No
INVS3006,5-TVLLABOR,0.5,25,0,HOMEFURN0001,9/6/2028 0:00,No
INVS3006,5-OVTLABOR,1,137.5,0,HOMEFURN0001,9/6/2028 0:00,No
INVS3006,5-FEE,1,8,100,HOMEFURN0001,9/6/2028 0:00,No
INVS3006,5-FEE,1,8,115,HOMEFURN0001,9/6/2028 0:00,No
INVS3007,3-C2924A,1,90,174.38,ASTORSUI0001,9/6/2028 0:00,No
INVS3007,3-D2657A,1,5,6,ASTORSUI0001,9/6/2028 0:00,No
INVS3007,3-D2659A,1,5,6,ASTORSUI0001,9/6/2028 0:00,No
INVS3007,5-STDLABOR,2,150,500,ASTORSUI0001,9/6/2028 0:00,No
INVS3007,5-STDLABOR,0.5,37.5,125,ASTORSUI0001,9/6/2028 0:00,No
INVS3000,5-STDLABOR,2,150,500,CELLULAR0001,9/6/2028 0:00,No
INVS3000,5-STDLABOR,0.5,37.5,125,CELLULAR0001,9/6/2028 0:00,No
INVS3000,5-TVLLABOR,0.5,25,37.5,CELLULAR0001,9/6/2028 0:00,No
INVS3000,5-OVTLABOR,1,137.5,250,CELLULAR0001,9/6/2028 0:00,No
INVS3000,5-FEE,1,8,100,CELLULAR0001,9/6/2028 0:00,No
INVS3000,5-FEE,1,8,115,CELLULAR0001,9/6/2028 0:00,No
INVS3001,3-C2924A,1,90,174.38,CENTRALD0001,9/6/2028 0:00,No
INVS3001,3-D2657A,1,5,6,CENTRALD0001,9/6/2028 0:00,No
INVS3001,3-D2659A,1,5,6,CENTRALD0001,9/6/2028 0:00,No
INVS3001,5-STDLABOR,2,150,500,CENTRALD0001,9/6/2028 0:00,No
INVS3001,5-STDLABOR,0.5,37.5,125,CENTRALD0001,9/6/2028 0:00,No
INVS3001,5-TVLLABOR,0.5,25,37.5,CENTRALD0001,9/6/2028 0:00,No
INVS3001,5-OVTLABOR,1,137.5,250,CENTRALD0001,9/6/2028 0:00,No
INVS3001,5-FEE,1,8,100,CENTRALD0001,9/6/2028 0:00,No
INVS3001,5-FEE,1,8,115,CENTRALD0001,9/6/2028 0:00,No
INVS3002,3-C2924A,1,90,0,COMPUTEC0001,9/6/2028 0:00,No
INVS3002,3-D2657A,1,5,0,COMPUTEC0001,9/6/2028 0:00,No
INVS3002,3-D2659A,1,5,0,COMPUTEC0001,9/6/2028 0:00,No
INVS3002,5-STDLABOR,2,150,0,COMPUTEC0001,9/6/2028 0:00,No
INVS3002,5-STDLABOR,0.5,37.5,0,COMPUTEC0001,9/6/2028 0:00,No
INVS3002,5-TVLLABOR,0.5,25,0,COMPUTEC0001,9/6/2028 0:00,No
INVS3002,5-OVTLABOR,1,137.5,0,COMPUTEC0001,9/6/2028 0:00,No
INVS3002,5-FEE,1,8,100,COMPUTEC0001,9/6/2028 0:00,No
INVS3002,5-FEE,1,8,115,COMPUTEC0001,9/6/2028 0:00,No
INVS3003,3-C2924A,1,90,174.36,COMPUTER0003,9/6/2028 0:00,No
INVS3003,3-D2657A,1,5,6.01,COMPUTER0003,9/6/2028 0:00,No
INVS3003,3-D2659A,1,5,6.01,COMPUTER0003,9/6/2028 0:00,No
INVS3003,5-STDLABOR,2,150,500,COMPUTER0003,9/6/2028 0:00,No
INVS3003,5-STDLABOR,0.5,37.5,125,COMPUTER0003,9/6/2028 0:00,No
INVS3003,5-TVLLABOR,0.5,25,37.5,COMPUTER0003,9/6/2028 0:00,No
INVS3003,5-OVTLABOR,1,137.5,250,COMPUTER0003,9/6/2028 0:00,No
INVS3003,5-FEE,1,8,100,COMPUTER0003,9/6/2028 0:00,No
INVS3003,5-FEE,1,8,115,COMPUTER0003,9/6/2028 0:00,No
INVS3004,3-C2924A,1,90,0,COUNTRYV0001,9/6/2028 0:00,No
INVS3004,3-D2657A,1,5,0,COUNTRYV0001,9/6/2028 0:00,No
INVS3004,3-D2659A,1,5,0,COUNTRYV0001,9/6/2028 0:00,No
INVS3004,5-STDLABOR,2,150,0,COUNTRYV0001,9/6/2028 0:00,No
INVS3004,5-STDLABOR,0.5,37.5,0,COUNTRYV0001,9/6/2028 0:00,No
INVS3004,5-TVLLABOR,0.5,25,0,COUNTRYV0001,9/6/2028 0:00,No
INVS3004,5-OVTLABOR,1,137.36,0,COUNTRYV0001,9/6/2028 0:00,No
INVS3007,5-TVLLABOR,0.5,25,37.5,ASTORSUI0001,9/6/2028 0:00,No
INVS3007,5-OVTLABOR,1,137.5,250,ASTORSUI0001,9/6/2028 0:00,No
INVS3007,5-FEE,1,8,100,ASTORSUI0001,9/6/2028 0:00,No
INVS3007,5-FEE,1,8,115,ASTORSUI0001,9/6/2028 0:00,No
RMA003000,4-A3666A,1,1250,1600,COMPUTER0003,8/31/2027 0:00,No
INVS3008,5-STDLABOR,2,150,500,AARONFIT0001,9/6/2028 0:00,No
INVS3008,5-STDLABOR,0.5,37.5,125,AARONFIT0001,9/6/2028 0:00,No
INVS3008,5-TVLLABOR,0.5,25,37.5,AARONFIT0001,9/6/2028 0:00,No
INVS3008,5-FEE,1,8,100,AARONFIT0001,9/6/2028 0:00,No
INVS3008,5-FEE,1,8,115,AARONFIT0001,9/6/2028 0:00,No
INVS3009,5-STDLABOR,2,150,500,NOVASYST0001,9/6/2028 0:00,No
INVS3009,5-STDLABOR,0.5,37.5,125,NOVASYST0001,9/6/2028 0:00,No
INVS3009,5-TVLLABOR,0.5,25,37.5,NOVASYST0001,9/6/2028 0:00,No
INVS3009,5-OVTLABOR,1,137.5,250,NOVASYST0001,9/6/2028 0:00,No
INVS3009,5-FEE,1,8,100,NOVASYST0001,9/6/2028 0:00,No
INVS3009,5-FEE,1,8,115,NOVASYST0001,9/6/2028 0:00,No
INVS3010,5-STDLABOR,2,150,500,UNIFIEDW0001,9/6/2028 0:00,No
INVS3010,5-STDLABOR,0.5,37.5,125,UNIFIEDW0001,9/6/2028 0:00,No
INVS3010,5-TVLLABOR,0.5,25,37.5,UNIFIEDW0001,9/6/2028 0:00,No
INVS3010,5-OVTLABOR,1,137.5,250,UNIFIEDW0001,9/6/2028 0:00,No
INVS3010,5-FEE,1,8,100,UNIFIEDW0001,9/6/2028 0:00,No
INVS3010,5-FEE,1,8,115,UNIFIEDW0001,9/6/2028 0:00,No
INVS3011,5-TVLLABOR,0.5,25,37.5,ROSELLEN0001,9/6/2028 0:00,No
INVS3011,5-OVTLABOR,1,137.5,250,ROSELLEN0001,9/6/2028 0:00,No
INVS3011,5-FEE,1,8,15,ROSELLEN0001,9/6/2028 0:00,No
INVS3012,3-E4592A,1,60,90,REYNOLDS0001,9/6/2028 0:00,No
INVS3012,5-TVLLABOR,0.5,25,37.5,REYNOLDS0001,9/6/2028 0:00,No
INVS3012,5-STDLABOR,0.92,69,138,REYNOLDS0001,9/6/2028 0:00,No
INVS3012,5-FEE,1,8,15,REYNOLDS0001,9/6/2028 0:00,No
INVS3013,3-E4592A,1,60,90,HOMEFURN0001,9/6/2028 0:00,No
INVS3013,5-TVLLABOR,0.5,25,37.5,HOMEFURN0001,9/6/2028 0:00,No
INVS3013,5-OVTLABOR,2.25,309.38,562.5,HOMEFURN0001,9/6/2028 0:00,No
INVS3013,5-FEE,1,8,15,HOMEFURN0001,9/6/2028 0:00,No
RMA003000,3-B3813A,2,100,120,COMPUTER0003,8/31/2027 0:00,No
RMA003001,3-C2924A,3,270,418.5,ADAMPARK0001,8/31/2027 0:00,No
RMA003001,3-E4471A,2,200,334,ADAMPARK0001,8/31/2027 0:00,No
RMA003001,3-B3813A,2,100,120,ADAMPARK0001,8/31/2027 0:00,No
RMA003002,3-E4592A,6,360,540,FRANCHIS0001,8/31/2027 0:00,No
RMA003003,3-J2094A,1,2150,2623,GREENWAY0001,8/31/2027 0:00,No
